date,close,high,low,open,volume
2006-01-02,5.58,5.87,5.56,5.83,662775
2006-01-03,5.85,5.87,5.53,5.53,462291
2006-01-04,5.73,5.9,5.7,5.88,548971
2006-01-05,5.83,5.99,5.7,5.7,713485
2006-01-06,5.94,5.94,5.68,5.87,637420
2006-01-09,6.19,6.27,5.9,5.9,946400
2006-01-10,6.02,6.36,6.02,6.36,655109
2006-01-11,6.26,6.26,5.99,5.99,971166
2006-01-12,6.11,6.34,6.11,6.29,750634
2006-01-13,5.8,6.09,5.8,6.07,767144
2006-01-16,5.68,5.97,5.66,5.9,500029
2006-01-17,5.6,5.73,5.6,5.73,563712
2006-01-18,5.39,5.56,5.31,5.56,438705
2006-01-19,5.36,5.48,5.26,5.36,518899
2006-01-20,5.29,5.46,5.26,5.46,260629
2006-01-23,4.95,5.05,4.94,4.94,291291
2006-01-24,5.29,5.29,5.04,5.07,616192
2006-01-25,5.29,5.34,5.17,5.17,319594
2006-02-03,5.29,5.46,5.26,5.31,283036
2006-02-06,5.39,5.41,5.31,5.39,334336
2006-02-07,5.34,5.44,5.33,5.39,345539
2006-02-08,5.38,5.55,5.34,5.34,674568
2006-02-09,5.39,5.51,5.34,5.51,521847
2006-02-10,5.34,5.46,5.34,5.43,340822
2006-02-13,5.21,5.39,5.12,5.34,389764
2006-02-14,5.14,5.24,5.12,5.24,248246
2006-02-15,5.12,5.17,5.09,5.14,160387
2006-02-16,5.16,5.21,5.1,5.14,314877
2006-02-17,5.17,5.33,5.1,5.12,297187
2006-02-20,5.14,5.19,5.09,5.17,120290
2006-02-21,5.04,5.12,5.02,5.1,199894
2006-02-22,4.85,5.09,4.85,5.04,308391
2006-02-23,4.88,4.99,4.85,4.85,563712
2006-02-24,5.05,5.09,4.92,4.92,410402
2006-02-27,5.12,5.17,4.99,5.05,324312
2006-03-01,4.97,5.09,4.83,5.09,356743
2006-03-02,4.95,5.05,4.95,5,277139
2006-03-03,4.88,5.07,4.85,5.04,310160
2006-03-06,4.77,4.92,4.77,4.88,251194
2006-03-07,4.77,4.83,4.77,4.78,201073
2006-03-08,4.71,4.82,4.65,4.78,234094
2006-03-09,4.63,4.77,4.63,4.71,250604
2006-03-10,4.61,4.66,4.58,4.63,321953
2006-03-13,4.75,4.75,4.61,4.61,334925
2006-03-14,4.65,4.75,4.65,4.75,100831
2006-03-15,4.65,4.71,4.65,4.71,178666
2006-03-16,4.55,4.65,4.55,4.65,216404
2006-03-17,4.51,4.53,4.41,4.53,329029
2006-03-20,4.41,4.51,4.41,4.43,142107
2006-03-21,4.39,4.48,4.34,4.44,157439
2006-03-22,4.32,4.39,4.31,4.39,144466
2006-03-23,4.27,4.38,4.24,4.32,181025
2006-03-24,4.38,4.51,4.15,4.15,178666
2006-03-27,4.43,4.49,4.38,4.38,102600
2006-03-28,4.43,4.44,4.34,4.43,67221
2006-03-29,4.36,4.43,4.32,4.38,162745
2006-03-30,4.38,4.39,4.29,4.38,177487
2006-03-31,4.38,4.41,4.32,4.32,252963
2006-04-03,4.38,4.46,4.38,4.39,283625
2006-04-04,4.68,4.68,4.43,4.43,950528
2006-04-06,4.55,4.78,4.43,4.78,1436405
2006-04-07,4.58,4.63,4.48,4.51,428681
2006-04-10,4.34,4.41,4.27,4.27,1108556
2006-04-11,4.31,4.39,4.29,4.31,363229
2006-04-12,4.6,4.6,4.27,4.27,2010732
2006-04-13,4.9,4.9,4.6,4.6,2201191
2006-04-14,4.8,5.17,4.77,5.07,2047880
2006-04-17,4.95,5.12,4.85,5.12,1324371
2006-04-18,4.88,5.04,4.83,5.04,534819
2006-04-19,4.85,5,4.82,4.94,630933
2006-04-20,4.73,4.94,4.73,4.85,823751
2006-04-21,4.8,4.92,4.75,4.75,1071408
2006-04-24,4.82,4.94,4.75,4.75,746506
2006-04-25,4.92,5.09,4.88,4.92,1166932
2006-04-26,4.88,5.07,4.82,5.07,878000
2006-04-27,4.87,5,4.87,4.88,1177546
2006-04-28,4.75,4.92,4.66,4.92,723510
2006-05-02,4.92,4.92,4.7,4.71,1231794
2006-05-03,4.85,5.09,4.85,5.05,1722389
2006-05-04,5.19,5.19,5.19,5.19,1778996
2006-05-05,5.55,5.55,5.55,5.55,1043694
2006-05-08,5.92,5.92,5.92,5.92,532461
2006-05-09,6.33,6.33,6.33,6.33,787782
2006-05-10,6.77,6.77,6.77,6.77,9268825
2006-05-11,6.31,6.75,6.31,6.75,2769031
2006-05-12,6.75,6.75,5.87,5.87,7429094
2006-05-15,6.8,7.21,6.48,6.75,8496374
2006-05-16,6.33,6.92,6.33,6.78,3578631
2006-05-17,6.11,6.29,5.95,6.27,1836783
2006-05-18,6.34,6.41,6.02,6.07,2039035
2006-05-19,6.14,6.43,6.11,6.43,1025414
2006-05-22,5.72,6.14,5.72,6.14,2140456
2006-05-23,5.43,5.85,5.38,5.38,1643965
2006-05-24,5.8,5.8,5.46,5.46,1118580
2006-05-25,6.19,6.19,5.94,5.99,3378737
2006-05-26,6.24,6.56,6.07,6.27,3526741
2006-05-29,5.94,6.26,5.83,6.26,1459992
2006-05-30,5.56,6.02,5.55,6.02,1464709
2006-06-01,5.61,5.88,5.56,5.56,1120939
2006-06-02,5.75,5.85,5.63,5.7,1050770
2006-06-05,5.36,5.8,5.36,5.68,1247125
2006-06-06,5.3,5.4,5.1,5.3,1543723
2006-06-07,5.38,5.51,5.12,5.26,1030721
2006-06-08,5,5.31,5,5.31,1794327
2006-06-09,5,5.09,4.75,5.09,1030721
2006-06-12,4.95,5.21,4.83,4.97,1154549
2006-06-13,4.9,5.05,4.83,4.9,647444
2006-06-14,5.09,5.17,4.92,4.92,717613
2006-06-15,5.02,5.19,5,5.19,460522
2006-06-16,5.31,5.36,5.1,5.1,1335574
2006-06-19,5.27,5.39,5.16,5.26,1242408
2006-06-20,4.95,5.31,4.95,5.27,734713
2006-06-21,4.92,5.09,4.9,4.97,562533
2006-06-22,5.14,5.17,4.97,4.97,507105
2006-06-23,5.04,5.12,4.95,5,359691
2006-06-26,5.04,5.17,5.02,5.17,420426
2006-06-27,5.09,5.22,5,5.09,971166
2006-06-28,5.07,5.14,5.04,5.05,538357
2006-06-29,5.26,5.34,5.14,5.14,1257150
2006-06-30,5.24,5.41,5.19,5.39,1120939
2006-07-03,5.26,5.31,5.21,5.22,549561
2006-07-04,5.38,5.39,5.22,5.29,1261277
2006-07-05,5.51,5.75,5.29,5.29,2870452
2006-07-06,5.72,5.75,5.34,5.44,1839731
2006-07-07,5.44,5.82,5.44,5.63,1853293
2006-07-10,5.44,5.55,5.26,5.39,662185
2006-07-11,5.39,5.55,5.39,5.44,891562
2006-07-12,5.19,5.43,5.14,5.39,975293
2006-07-13,5.17,5.26,5.1,5.1,636240
2006-07-14,5.07,5.14,5.02,5.02,674568
2006-07-17,4.8,5.09,4.8,5.07,890972
2006-07-18,4.94,4.99,4.83,4.87,452857
2006-07-19,4.94,5.17,4.94,4.95,448140
2006-07-20,4.99,5.1,4.99,5.1,284215
2006-07-21,4.97,5.05,4.87,4.94,341412
2006-07-24,4.87,4.97,4.85,4.97,400967
2006-07-25,5,5.09,4.88,4.95,644496
2006-07-26,4.95,5.09,4.92,4.95,357922
2006-07-27,4.95,5.02,4.94,4.99,373843
2006-07-28,4.95,5.05,4.92,4.92,280087
2006-07-31,4.99,5.05,4.92,5.05,290111
2006-08-01,4.97,5.07,4.97,5.02,302494
2006-08-02,4.99,5.04,4.95,4.95,650982
2006-08-03,4.95,5.04,4.95,4.99,188690
2006-08-04,4.92,5.02,4.92,4.95,329618
2006-08-07,4.8,4.9,4.77,4.87,581402
2006-08-08,4.77,4.88,4.75,4.82,384457
2006-08-09,4.8,4.85,4.77,4.77,360281
2006-08-10,4.78,4.83,4.77,4.83,393891
2006-08-11,4.66,4.78,4.65,4.75,471726
2006-08-14,4.7,4.7,4.61,4.61,372663
2006-08-15,4.87,5.02,4.83,4.94,630933
2006-08-16,4.97,5.09,4.88,5.09,508874
2006-08-17,4.92,5.09,4.88,5.09,866796
2006-08-18,4.88,4.99,4.85,4.99,351436
2006-08-21,4.63,4.88,4.63,4.88,590837
2006-08-22,4.58,4.65,4.55,4.63,330798
2006-08-23,4.43,4.58,4.32,4.58,554868
2006-08-24,4.44,4.55,4.41,4.49,183973
2006-08-25,4.44,4.53,4.44,4.44,307801
2006-08-28,4.32,4.41,4.31,4.41,204611
2006-08-29,4.32,4.43,4.32,4.32,169821
2006-08-30,4.39,4.43,4.32,4.32,270653
2006-08-31,4.44,4.46,4.39,4.39,192818
2006-09-01,4.34,4.44,4.32,4.41,369715
2006-09-04,4.51,4.58,4.32,4.32,508285
2006-09-05,4.46,4.53,4.43,4.53,277729
2006-09-06,4.48,4.49,4.43,4.46,197535
2006-09-07,4.38,4.46,4.38,4.46,284805
2006-09-08,4.43,4.56,4.38,4.38,178077
2006-09-11,4.44,4.51,4.43,4.43,316056
2006-09-12,4.41,4.44,4.39,4.44,254142
2006-09-13,4.32,4.41,4.32,4.41,333746
2006-09-14,4.12,4.39,4.04,4.32,754172
2006-09-15,4.04,4.12,3.83,4.12,534819
2006-09-18,4.31,4.31,4.09,4.09,501209
2006-09-19,4.31,4.48,4.24,4.32,218173
2006-09-20,4.44,4.55,4.32,4.32,346719
2006-09-21,4.48,4.56,4.46,4.56,439884
2006-09-22,4.41,4.49,4.41,4.41,258860
2006-09-25,4.53,4.55,4.36,4.36,229377
2006-09-26,4.49,4.58,4.49,4.53,373253
2006-09-27,4.71,4.75,4.51,4.51,516540
2006-09-28,4.58,4.71,4.53,4.71,374432
2006-09-29,4.56,4.61,4.51,4.58,157439
2006-10-02,4.58,4.66,4.55,4.55,165694
2006-10-03,4.88,4.88,4.58,4.58,954066
2006-10-04,4.83,4.95,4.75,4.88,708179
2006-10-05,4.88,5,4.77,4.77,570199
2006-10-11,5.09,5.19,4.92,4.92,749455
2006-10-12,4.94,5.09,4.92,5.09,438115
2006-10-13,5.02,5.09,4.94,4.94,600271
2006-10-16,5.21,5.43,5.16,5.16,1455274
2006-10-17,5.09,5.21,5.04,5.21,938145
2006-10-18,5.12,5.21,5,5,1049001
2006-10-19,5.09,5.31,5.09,5.12,1228846
2006-10-20,5.02,5.1,5,5.07,1238281
2006-10-23,5.1,5.24,5.04,5.04,792500
2006-10-24,5.14,5.16,5.05,5.16,287163
2006-10-25,5.09,5.21,5.07,5.19,932248
2006-10-26,5.16,5.26,5.1,5.12,824341
2006-10-27,5.16,5.22,5.14,5.16,827879
2006-10-30,5.17,5.26,5.14,5.14,388584
2006-10-31,5.22,5.31,5.17,5.17,576095
2006-11-01,5.16,5.29,5.16,5.19,889793
2006-11-02,5.26,5.43,5.16,5.16,1322012
2006-11-03,5.26,5.43,5.24,5.29,1237101
2006-11-06,5.12,5.22,5.04,5.04,929890
2006-11-07,5.22,5.29,5.14,5.26,714075
2006-11-08,5.36,5.41,5.14,5.31,1931718
2006-11-09,5.73,5.73,5.43,5.51,3693614
2006-11-10,6.12,6.12,5.77,5.77,4243764
2006-11-13,6.55,6.55,6.29,6.29,1717672
2006-11-14,6.73,7,6.68,7,8190931
2006-11-15,6.61,6.72,6.27,6.51,4441300
2006-11-16,6.85,7.07,6.48,6.56,5087564
2006-11-17,6.7,6.95,6.63,6.72,3326847
2006-11-20,6.63,6.89,6.61,6.61,2037266
2006-11-21,6.65,6.78,6.63,6.63,1508344
2006-11-22,6.68,6.78,6.63,6.78,1268943
2006-11-23,6.7,6.85,6.58,6.68,2178194
2006-11-24,6.65,6.78,6.65,6.68,1570847
2006-11-27,6.73,6.87,6.65,6.65,1797865
2006-11-28,7.19,7.19,6.73,6.73,4829884
2006-11-29,7.39,7.67,7.22,7.29,6074651
2006-11-30,7.9,7.9,7.56,7.63,5738546
2006-12-01,8.45,8.45,8.34,8.34,4134088
2006-12-04,9.02,9.02,8.82,9.02,3554455
2006-12-05,8.77,9.65,8.48,9.65,11954125
2006-12-06,9.38,9.38,8.82,9.17,3470134
2006-12-07,10.02,10.02,9.67,10.02,7978065
2006-12-08,10.72,10.72,10.18,10.68,9134383
2006-12-11,11.46,11.46,11.14,11.46,5946105
2006-12-12,11.26,12.26,10.67,12.26,15131788
2006-12-13,10.48,11.19,10.48,11.02,2852173
2006-12-14,9.75,9.75,9.75,9.75,1916976
2006-12-15,10.01,10.43,9.09,9.09,10258860
2006-12-18,9.31,9.77,9.31,9.73,3691845
2006-12-19,8.8,9.16,8.67,8.67,10364408
2006-12-20,9.41,9.41,8.73,8.8,7141931
2006-12-21,8.77,9.41,8.77,9.41,5664839
2006-12-22,9.11,9.23,8.53,8.84,5761543
2006-12-25,9.73,9.73,9.06,9.11,10497671
2007-01-12,9.05,9.05,9.05,9.05,2100000
2007-01-15,8.42,8.42,8.42,8.42,133000
2007-01-16,7.84,7.84,7.84,7.84,68000
2007-01-17,7.3,7.3,7.3,7.3,496000
2007-01-18,7.46,7.81,7.06,7.06,8644000
2007-01-19,6.94,7.31,6.94,7.31,6564000
2007-01-22,6.46,7,6.46,6.94,3821000
2007-01-23,6.15,6.47,6.05,6.47,3861000
2007-01-24,6.58,6.58,6.21,6.21,3039000
2007-01-25,6.18,6.78,6.12,6.78,5435000
2007-01-26,6.3,6.48,6.05,6.09,3555000
2007-01-29,6.36,6.58,6.3,6.3,1999000
2007-01-30,6.17,6.4,6.06,6.36,950000
2007-01-31,6.04,6.29,6,6.18,944000
2007-02-01,5.86,6.15,5.85,6.15,1850000
2007-02-02,5.75,5.93,5.7,5.93,1839000
2007-02-05,5.9,6,5.75,5.75,1415000
2007-02-06,6.03,6.15,5.94,6,1101000
2007-02-07,5.85,6.05,5.85,6.05,699000
2007-02-08,5.77,5.9,5.75,5.86,521000
2007-02-09,5.83,5.95,5.77,5.77,1037000
2007-02-12,5.75,5.85,5.75,5.83,426000
2007-02-13,5.8,5.9,5.76,5.85,799000
2007-02-14,5.95,6.05,5.77,5.85,1578000
2007-02-26,6.36,6.36,6.08,6.18,1728000
2007-02-27,6.41,6.69,6.36,6.56,4537000
2007-03-01,6.5,6.59,6.3,6.3,2606000
2007-03-02,6.66,6.83,6.56,6.65,2404000
2007-03-05,5.85,6.25,5.85,6.25,1770000
2007-03-06,6.09,6.09,6.05,6.05,152000
2007-03-07,6,6.14,6,6.05,1061000
2007-03-08,5.97,6.14,5.97,6,809000
2007-03-09,6.01,6.14,6.01,6.05,878000
2007-03-12,6,6.1,6,6.09,824000
2007-03-13,6.14,6.24,6.03,6.03,1389000
2007-03-14,5.94,6.09,5.72,5.72,1081000
2007-03-15,6.05,6.09,5.96,6.01,743000
2007-03-16,6.09,6.12,6,6.06,809000
2007-03-19,6.16,6.25,6.12,6.12,1332000
2007-03-20,6.06,6.24,6.05,6.2,1051000
2007-03-21,6.03,6.13,6,6.06,598000
2007-03-22,5.99,6.09,5.96,6.05,815000
2007-03-23,6,6.04,5.95,6,692000
2007-03-26,6,6.09,6,6,619000
2007-03-27,5.93,6.07,5.91,6.07,568000
2007-03-28,5.92,6,5.91,5.93,523000
2007-03-29,5.84,5.94,5.83,5.92,521000
2007-03-30,5.78,5.93,5.75,5.85,701000
2007-04-02,5.77,5.84,5.7,5.84,616000
2007-04-03,5.84,5.84,5.75,5.77,824000
2007-04-04,5.9,5.95,5.84,5.92,942000
2007-04-09,6.09,6.13,5.88,5.9,988000
2007-04-10,6.03,6.15,6,6.05,1074000
2007-04-11,6,6.07,5.98,6.03,1284000
2007-04-12,6.42,6.42,6,6,3340000
2007-04-13,6.78,6.86,6.42,6.55,6181000
2007-04-16,6.57,6.84,6.57,6.8,1849000
2007-04-17,6.38,6.79,6.32,6.61,1678000
2007-04-18,6.4,6.43,6.2,6.2,1350000
2007-04-19,6.26,6.4,6.2,6.4,883000
2007-04-20,6.28,6.34,6.22,6.3,823000
2007-04-23,6.35,6.4,6.32,6.36,950000
2007-04-24,6.42,6.45,6.32,6.34,645000
2007-04-25,6.32,6.41,6.26,6.41,918000
2007-04-26,6.41,6.45,6.32,6.32,971000
2007-04-27,6.35,6.43,6.34,6.42,879000
2007-04-30,6.05,6.35,6.01,6.35,1083000
2007-05-02,6.01,6.13,6,6.05,386000
2007-05-03,5.89,6.08,5.75,6.05,1583000
2007-05-04,6.08,6.15,5.89,5.89,830000
2007-05-07,6.14,6.19,6.08,6.1,761000
2007-05-08,6.11,6.15,6.1,6.14,619000
2007-05-09,6.1,6.13,6.03,6.03,420000
2007-05-10,6.1,6.19,6.1,6.1,304000
2007-05-11,6.12,6.12,6,6,424000
2007-05-14,6.05,6.12,6.04,6.12,566000
2007-05-15,5.94,6.06,5.82,6.06,447000
2007-05-16,5.99,6.09,5.94,5.94,572000
2007-05-17,6,6.05,5.92,6,341000
2007-05-18,6,6.02,5.97,6.01,449000
2007-05-21,6,6.03,5.97,5.97,562000
2007-05-22,6.16,6.17,6.02,6.02,842000
2007-05-23,6.13,6.24,6.12,6.18,741000
2007-05-24,6.12,6.19,6.11,6.15,560000
2007-05-25,6.12,6.18,6.08,6.13,404000
2007-05-28,6.02,6.16,6.01,6.12,387000
2007-05-29,6.01,6.12,6,6.02,382000
2007-05-30,6.09,6.12,6.01,6.05,527000
2007-05-31,6.18,6.18,6.05,6.13,449000
2007-06-01,6.05,6.15,6.03,6.1,524000
2007-06-04,5.91,6.06,5.85,6.05,1043000
2007-06-05,5.85,5.99,5.85,5.91,449000
2007-06-07,5.87,5.92,5.86,5.9,411000
2007-06-08,5.81,5.87,5.7,5.86,526000
2007-06-11,5.81,5.88,5.73,5.86,485000
2007-06-12,5.83,5.96,5.78,5.79,434000
2007-06-13,6.05,6.05,5.81,5.84,484000
2007-06-14,5.97,6.08,5.96,6.03,524000
2007-06-15,6.05,6.15,5.97,6.05,1065000
2007-06-20,6.47,6.47,6.05,6.05,2516000
2007-06-21,6.31,6.52,6.21,6.47,2016000
2007-06-22,6.75,6.75,6.38,6.38,2296000
2007-06-25,6.96,7.16,6.9,7.02,1918000
2007-06-26,6.79,7.1,6.67,7,1501000
2007-06-27,6.9,6.99,6.72,6.75,1315000
2007-06-28,6.81,7,6.8,7,1073000
2007-06-29,6.69,6.85,6.65,6.85,1291000
2007-07-02,6.86,7,6.68,6.73,1532000
2007-07-03,6.7,6.96,6.68,6.86,1044000
2007-07-04,7.16,7.16,6.72,6.72,4003000
2007-07-05,7.07,7.44,7.04,7.38,2534000
2007-07-06,7.26,7.4,6.9,7.17,2450000
2007-07-09,7.2,7.45,7.16,7.45,2889000
2007-07-10,7.1,7.28,7.02,7.2,1590000
2007-07-11,7.2,7.26,7.1,7.19,1465000
2007-07-12,7.32,7.5,7.21,7.29,2548000
2007-07-13,7.32,7.7,7.3,7.49,1934000
2007-07-16,7.37,7.6,7.36,7.36,1837000
2007-07-17,7.88,7.88,7.42,7.42,3872000
2007-07-18,8.43,8.43,8,8.43,3877000
2007-07-19,9.02,9.02,9.02,9.02,1906000
2007-07-20,9.65,9.65,8.56,9.65,19400000
2007-07-23,10.3,10.3,9.65,9.95,11207000
2007-07-24,11,11,10.95,11,4869000
2007-07-25,11.75,11.75,10.9,11,17613000
2007-07-26,10.95,12.5,10.95,12.15,15171000
2007-07-27,10.2,10.2,10.2,10.2,2812000
2007-07-30,9.49,9.49,9.49,9.49,2244000
2007-07-31,9.61,10.15,9.2,9.2,5440000
2007-08-01,8.94,9.45,8.94,9.2,5012000
2007-08-02,8.46,9.2,8.32,9.1,3651000
2007-08-03,9.05,9.05,8.7,9,1505000
2007-08-06,9.68,9.68,9.04,9.2,6897000
2007-08-07,9.22,9.99,9.2,9.74,3671000
2007-08-08,9.85,9.86,9.21,9.49,2623000
2007-08-09,9.5,9.95,9.4,9.86,3133000
2007-08-10,9.05,9.3,8.85,8.9,2290000
2007-08-13,9.06,9.3,9.05,9.2,1437000
2007-08-14,9.69,9.69,8.82,9,1907000
2007-08-15,9.1,9.6,9.02,9.02,2262000
2007-08-16,8.47,8.95,8.47,8.7,2330000
2007-08-17,8.09,8.79,7.9,8.4,2104000
2007-08-20,8.65,8.65,8.41,8.65,1308000
2007-08-21,9,9.2,8.65,9.2,1857000
2007-08-22,8.7,9.1,8.37,8.37,989000
2007-08-23,8.85,9.1,8.8,8.9,874000
2007-08-24,8.65,8.99,8.65,8.85,898000
2007-08-27,8.53,8.85,8.3,8.75,1099000
2007-08-28,8.45,8.54,8.4,8.53,638000
2007-08-29,8.2,8.35,8.1,8.35,1123000
2007-08-30,8.42,8.67,8.3,8.44,913000
2007-08-31,8.4,8.55,8.25,8.5,653000
2007-09-03,8.2,8.5,8.2,8.5,1106000
2007-09-04,8.25,8.5,8.18,8.22,800000
2007-09-05,8.31,8.44,8.26,8.44,665000
2007-09-06,8.19,8.29,8.05,8.05,828000
2007-09-07,8.15,8.35,8.12,8.29,906000
2007-09-10,8.15,8.15,7.9,7.9,679000
2007-09-11,8.6,8.65,7.9,8.18,1115000
2007-09-12,8.25,8.54,8.25,8.43,832000
2007-09-13,8.11,8.46,8.1,8.46,557000
2007-09-14,8.22,8.45,8.12,8.25,675000
2007-09-17,8.18,8.3,8,8.3,365000
2007-09-19,8.04,8.4,8.01,8.35,622000
2007-09-20,8,8.13,7.95,8.04,400000
2007-09-21,8.05,8.1,7.79,7.8,633000
2007-09-26,7.88,8.05,7.82,8.05,732000
2007-09-27,7.81,7.95,7.8,7.88,861000
2007-09-28,7.71,7.85,7.6,7.85,1155000
2007-10-01,7.95,7.98,7.75,7.9,720000
2007-10-02,7.9,8,7.85,8,471000
2007-10-03,8.4,8.45,7.86,7.9,2213000
2007-10-04,8.1,8.31,8.1,8.29,1044000
2007-10-05,7.98,8.12,7.92,8.12,576000
2007-10-08,7.88,8.11,7.76,7.9,773000
2007-10-09,7.55,7.88,7.39,7.85,1021000
2007-10-11,7.5,7.64,7.41,7.5,436000
2007-10-12,7.52,7.64,7.49,7.63,781000
2007-10-15,7.4,7.68,7.4,7.5,440000
2007-10-16,7.2,7.4,7.2,7.4,714000
2007-10-17,7.37,7.59,7.24,7.24,695000
2007-10-18,7.14,7.49,7.14,7.49,900000
2007-10-19,7.02,7.2,7,7.18,470000
2007-10-22,6.74,6.88,6.6,6.6,601000
2007-10-23,6.95,6.99,6.8,6.8,400000
2007-10-24,6.83,7.04,6.8,6.95,634000
2007-10-25,6.83,6.9,6.8,6.85,268000
2007-10-26,7.3,7.3,7.3,7.3,523000
2007-10-29,7.81,7.81,7.81,7.81,1115000
2007-10-30,7.96,8.35,7.81,8.35,3032000
2007-10-31,7.83,8,7.6,8,859000
2007-11-01,7.76,7.9,7.63,7.83,589000
2007-11-02,7.58,7.65,7.5,7.65,476000
2007-11-05,7.4,7.6,7.3,7.6,421000
2007-11-06,7.22,7.42,7.2,7.3,611000
2007-11-07,7.33,7.44,7.3,7.44,409000
2007-11-08,6.97,7.28,6.9,7.28,559000
2007-11-09,7,7.01,6.8,7,369000
2007-11-12,6.61,6.9,6.6,6.9,526000
2007-11-13,7.07,7.07,6.61,6.61,403000
2007-11-14,7.43,7.5,7.2,7.2,458000
2007-11-15,7.24,7.6,7.2,7.6,495000
2007-11-16,7.03,7.19,7.01,7.16,410000
2007-11-19,7.03,7.12,7.03,7.1,146000
2007-11-20,6.9,7.02,6.66,6.8,386000
2007-11-21,6.91,7.16,6.9,7,244000
2007-11-22,6.92,6.99,6.9,6.92,296000
2007-11-23,6.71,7.1,6.71,7,309000
2007-11-26,6.73,6.9,6.72,6.85,272000
2007-11-27,6.69,6.73,6.51,6.73,234000
2007-11-28,6.53,6.83,6.52,6.78,269000
2007-11-29,6.59,6.74,6.56,6.68,210000
2007-11-30,6.75,6.77,6.61,6.62,294000
2007-12-03,6.8,6.85,6.71,6.8,191000
2007-12-04,6.8,6.84,6.71,6.8,207000
2007-12-05,6.84,7,6.71,6.71,314000
2007-12-06,6.83,6.97,6.8,6.9,298000
2007-12-07,6.89,6.9,6.84,6.9,202000
2007-12-10,6.75,7,6.75,6.8,155000
2007-12-11,6.75,6.97,6.72,6.97,75000
2007-12-12,6.69,6.71,6.61,6.61,168000
2007-12-13,6.51,6.72,6.45,6.7,179000
2007-12-14,6.21,6.51,6.2,6.51,235000
2007-12-17,5.82,6.33,5.78,6.25,516000
2007-12-18,5.61,5.82,5.6,5.82,275000
2007-12-19,5.82,5.88,5.63,5.63,233000
2007-12-20,5.6,5.82,5.6,5.82,199000
2007-12-21,5.33,5.62,5.33,5.62,404000
2007-12-24,5.38,5.5,5.37,5.45,460000
2007-12-25,5.55,5.55,5.41,5.41,216000
2007-12-26,5.45,5.6,5.4,5.6,119000
2007-12-27,5.59,5.68,5.32,5.32,163000
2007-12-28,5.98,5.98,5.52,5.52,412000
2007-12-31,6.01,6.14,6,6,263000
2008-01-02,6.22,6.42,5.93,6.01,451000
2008-01-03,6.1,6.17,6,6.1,186000
2008-01-04,6.39,6.42,6.01,6.01,365000
2008-01-07,6.12,6.31,6.07,6.31,288000
2008-01-08,6.08,6.28,6.02,6.12,321000
2008-01-09,6.08,6.09,5.84,5.84,192000
2008-01-10,6.1,6.2,6.01,6.01,187000
2008-01-11,6.09,6.1,6,6,237000
2008-01-14,6.42,6.44,6.21,6.38,691000
2008-01-15,6.7,6.84,6.55,6.66,623000
2008-01-16,6.3,6.69,6.28,6.65,415000
2008-01-17,6.06,6.48,6,6.4,361000
2008-01-18,6.16,6.3,5.95,6,251000
2008-01-21,6.52,6.59,6.35,6.35,836000
2008-01-22,6.07,6.3,6.07,6.08,592000
2008-01-23,5.8,6.22,5.7,6.08,464000
2008-01-24,5.92,6.08,5.81,5.92,401000
2008-01-25,6.01,6.2,6,6.2,385000
2008-01-28,5.94,5.99,5.82,5.83,130000
2008-01-29,5.68,5.8,5.53,5.53,339000
2008-01-30,5.79,5.87,5.55,5.68,206000
2008-01-31,5.61,5.7,5.55,5.62,106000
2008-02-01,6,6,5.55,5.78,301000
2008-02-12,6.1,6.2,5.95,5.98,285000
2008-02-13,5.95,6.1,5.88,6.1,186000
2008-02-14,6,6.08,5.91,6,315000
2008-02-15,5.98,6.05,5.92,5.92,153000
2008-02-18,6.21,6.3,6,6,761000
2008-02-19,6.24,6.34,6.06,6.28,400000
2008-02-20,6.18,6.38,6,6.3,577000
2008-02-21,6.18,6.25,6.11,6.2,324000
2008-02-22,6.1,6.17,6.02,6.15,301000
2008-02-25,6.52,6.52,6.12,6.15,1262000
2008-02-26,6.6,6.8,6.5,6.75,1116000
2008-02-27,6.63,6.8,6.4,6.8,662000
2008-02-29,7.06,7.09,6.56,6.56,1572000
2008-03-03,7.55,7.55,6.78,6.8,1803000
2008-03-04,8.07,8.07,7.6,7.77,3213000
2008-03-05,8.13,8.38,8.1,8.2,2771000
2008-03-06,7.8,8.25,7.75,8.15,1939000
2008-03-07,7.91,8.2,7.78,7.78,1062000
2008-03-10,7.46,7.89,7.36,7.8,1733000
2008-03-11,7.77,7.88,7.38,7.4,686000
2008-03-12,7.65,7.95,7.58,7.88,752000
2008-03-13,7.43,7.65,7.43,7.5,597000
2008-03-14,7.5,7.63,7.3,7.3,412000
2008-03-17,7.37,7.58,7.32,7.47,283000
2008-03-18,7.27,7.45,7.2,7.33,370000
2008-03-19,7.3,7.45,7.3,7.45,317000
2008-03-20,7.4,7.5,7.21,7.21,566000
2008-03-21,7.41,7.6,7.4,7.41,718000
2008-03-24,7.92,7.92,7.7,7.92,2138000
2008-03-25,8,8.3,7.9,7.99,2061000
2008-03-26,8.56,8.56,8.05,8.1,3212000
2008-03-27,8.9,8.95,8.4,8.69,6347000
2008-03-28,8.74,8.8,8.28,8.8,3021000
2008-03-31,9.1,9.22,8.6,8.6,4973000
2008-04-01,8.47,8.95,8.47,8.95,2983000
2008-04-02,8.39,8.6,8.2,8.5,1757000
2008-04-03,8.25,8.38,8.16,8.32,727000
2008-04-07,8.42,8.48,8.25,8.28,887000
2008-04-08,8.43,8.59,8.3,8.41,1004000
2008-04-09,8.45,8.6,8.44,8.55,1149000
2008-04-10,8.42,8.47,8.36,8.45,1167000
2008-04-11,8.79,8.82,8.46,8.49,2311000
2008-04-14,9.15,9.2,8.8,8.81,3890000
2008-04-15,9,9.29,8.82,9.15,2052000
2008-04-16,9.05,9.2,8.9,8.9,2325000
2008-04-17,8.71,9.05,8.55,9,1783000
2008-04-18,9.18,9.25,8.71,8.71,3053000
2008-04-21,8.89,9.4,8.8,9.4,2414000
2008-04-22,8.97,8.99,8.8,8.8,1179000
2008-04-23,8.75,8.9,8.73,8.9,1024000
2008-04-24,8.8,8.88,8.75,8.88,946000
2008-04-25,8.36,8.87,8.36,8.81,1702000
2008-04-28,8.2,8.3,7.82,7.82,761000
2008-04-29,7.82,8.24,7.82,8.1,1017000
2008-04-30,7.86,8,7.82,7.82,842000
2008-05-02,7.98,8.1,7.87,7.9,864000
2008-05-05,7.85,8.25,7.85,8.25,495000
2008-05-06,7.81,7.95,7.72,7.85,617000
2008-05-07,7.95,8.05,7.75,7.81,770000
2008-05-08,7.9,8,7.83,7.87,1091000
2008-05-09,7.9,8.04,7.81,7.81,1093000
2008-05-12,7.81,8,7.81,7.87,760000
2008-05-13,7.7,7.82,7.5,7.81,967000
2008-05-14,7.54,7.7,7.54,7.68,539000
2008-05-15,7.99,7.99,7.5,7.54,1217000
2008-05-16,7.9,8,7.82,8,759000
2008-05-19,8.2,8.2,7.79,7.9,1588000
2008-05-20,7.85,8.2,7.82,8.2,976000
2008-05-21,8.18,8.2,7.8,7.85,788000
2008-05-22,8.75,8.75,8.06,8.1,4412000
2008-05-23,8.33,9.18,8.3,9.18,3263000
2008-05-26,8.1,8.6,8.09,8.45,933000
2008-05-27,7.99,8.29,7.9,8.1,1497000
2008-05-28,7.83,8.14,7.81,8,892000
2008-05-29,7.68,8.06,7.66,8,924000
2008-05-30,7.29,7.84,7.15,7.7,1033000
2008-06-02,7.31,7.45,7.1,7.32,572000
2008-06-03,7.3,7.38,7.21,7.32,372000
2008-06-04,7.25,7.42,7.21,7.25,378000
2008-06-05,7.3,7.34,7.16,7.29,523000
2008-06-06,7.5,7.77,7.33,7.45,946000
2008-06-09,7.23,7.28,7.1,7.28,507000
2008-06-10,6.77,7.27,6.73,7.22,1721000
2008-06-11,6.76,6.84,6.7,6.78,497000
2008-06-12,6.29,6.7,6.29,6.7,822000
2008-06-13,6.3,6.5,6.22,6.44,411000
2008-06-16,6.42,6.56,6.4,6.4,334000
2008-06-17,6.7,6.74,6.35,6.49,338000
2008-06-18,6.78,6.79,6.56,6.66,327000
2008-06-19,6.52,6.68,6.5,6.6,332000
2008-06-20,6.31,6.58,6.13,6.57,272000
2008-06-23,6.2,6.27,6.02,6.02,178000
2008-06-24,6.63,6.63,6.63,6.63,556000
2008-06-25,6.6,6.62,6.21,6.62,913000
2008-06-26,6.53,6.68,6.41,6.41,370000
2008-06-27,6.1,6.25,6.1,6.21,317000
2008-06-30,5.85,6.19,5.85,6.19,424000
2008-07-01,5.6,5.97,5.6,5.85,295000
2008-07-02,5.83,5.83,5.65,5.7,230000
2008-07-03,6.02,6.09,5.6,5.6,320000
2008-07-04,5.85,6.3,5.82,6.05,775000
2008-07-07,5.86,5.9,5.7,5.85,825000
2008-07-08,5.65,5.96,5.6,5.6,783000
2008-07-09,5.69,5.8,5.65,5.71,331000
2008-07-10,5.64,5.79,5.5,5.69,364000
2008-07-11,5.78,5.8,5.5,5.5,673000
2008-07-14,5.7,5.81,5.62,5.69,294000
2008-07-15,5.31,5.65,5.31,5.65,585000
2008-07-16,4.95,5.32,4.95,5.32,394000
2008-07-17,5.06,5.19,5,5.09,416000
2008-07-18,4.9,5.33,4.9,5.2,428000
2008-07-21,5.13,5.22,4.95,4.99,326000
2008-07-22,5.08,5.21,5.01,5.1,338000
2008-07-23,5.43,5.43,5.19,5.19,712000
2008-07-24,5.55,5.66,5.4,5.59,671000
2008-07-25,5.37,5.43,5.32,5.41,333000
2008-07-29,5.1,5.29,5.05,5.29,243000
2008-07-30,5.05,5.33,5.05,5.33,316000
2008-07-31,5.03,5.16,5,5.11,196000
2008-08-01,5.02,5.07,4.85,5,296000
2008-08-04,4.95,5.02,4.82,5.01,269000
2008-08-05,4.8,4.92,4.79,4.81,232000
2008-08-06,5.01,5.01,4.87,4.95,251000
2008-08-07,5.05,5.1,4.95,5,303000
2008-08-08,5.08,5.16,4.99,5,404000
2008-08-11,5.2,5.25,5.15,5.2,216000
2008-08-12,4.94,5.2,4.92,5.2,373000
2008-08-13,5,5.04,4.91,5,265000
2008-08-14,5.19,5.33,5,5,417000
2008-08-15,5.26,5.38,5.17,5.32,253000
2008-08-18,4.91,5.18,4.9,5.18,449000
2008-08-19,4.99,5.03,4.72,4.8,377000
2008-08-20,4.99,5.07,4.9,4.9,253000
2008-08-21,4.93,5.02,4.91,4.99,229000
2008-08-22,4.9,4.99,4.8,4.8,176000
2008-08-25,4.9,4.95,4.81,4.91,208000
2008-08-26,4.85,4.85,4.8,4.81,129000
2008-08-27,4.89,4.93,4.82,4.88,183000
2008-08-28,4.93,5.16,4.93,5.16,278000
2008-08-29,4.92,5,4.9,5,174000
2008-09-01,4.82,4.92,4.81,4.91,105000
2008-09-02,4.72,4.85,4.72,4.85,133000
2008-09-03,4.5,4.77,4.5,4.75,304000
2008-09-04,4.2,4.48,4.19,4.41,325000
2008-09-05,4.05,4.1,3.95,4,477000
2008-09-08,4.33,4.33,4.22,4.33,182000
2008-09-09,4.13,4.54,4.13,4.54,163000
2008-09-10,4.39,4.39,4.1,4.1,394000
2008-09-11,4.36,4.6,4.25,4.6,552000
2008-09-12,4.27,4.46,4.11,4.39,316000
2008-09-15,3.99,4.19,3.98,4.12,436000
2008-09-16,3.72,3.76,3.72,3.72,307000
2008-09-17,3.65,3.87,3.64,3.83,358000
2008-09-18,3.4,3.46,3.4,3.45,237000
2008-09-19,3.63,3.63,3.44,3.61,290000
2008-09-22,3.83,3.85,3.65,3.72,331000
2008-09-23,4.04,4.05,3.62,3.67,368000
2008-09-24,4.1,4.15,3.92,4.04,313000
2008-09-25,4.02,4.13,3.95,4.05,265000
2008-09-26,3.74,4.1,3.74,4.09,393000
2008-09-30,3.56,3.57,3.48,3.48,335000
2008-10-01,3.54,3.78,3.52,3.78,106000
2008-10-02,3.66,3.78,3.62,3.65,320000
2008-10-03,3.7,3.7,3.54,3.61,189000
2008-10-06,3.61,3.69,3.6,3.69,282000
2008-10-07,3.6,3.61,3.51,3.51,200000
2008-10-08,3.4,3.52,3.4,3.52,433000
2008-10-09,3.39,3.6,3.37,3.4,333000
2008-10-13,3.28,3.3,3.28,3.28,204000
2008-10-14,3.5,3.5,3.38,3.38,310000
2008-10-15,3.43,3.52,3.41,3.41,131000
2008-10-16,3.38,3.43,3.31,3.31,74000
2008-10-17,3.31,3.38,3.31,3.38,135000
2008-10-20,3.22,3.27,3.2,3.27,273000
2008-10-21,3.37,3.39,3.25,3.36,234000
2008-10-22,3.27,3.31,3.26,3.27,134000
2008-10-23,3.16,3.16,3.16,3.16,112000
2008-10-24,3.05,3.06,3.05,3.06,191000
2008-10-27,3.07,3.26,2.84,2.84,565000
2008-10-28,3.28,3.28,2.9,3,587000
2008-10-29,3.28,3.49,3.1,3.49,347000
2008-10-30,3.5,3.5,3.28,3.28,391000
2008-10-31,3.7,3.73,3.49,3.5,376000
2008-11-03,3.76,3.89,3.62,3.8,507000
2008-11-04,3.74,3.8,3.65,3.77,189000
2008-11-05,3.51,3.98,3.51,3.8,1369000
2008-11-06,3.43,3.56,3.28,3.28,624000
2008-11-07,3.65,3.65,3.33,3.38,370000
2008-11-10,3.72,3.88,3.68,3.88,451000
2008-11-11,3.72,3.83,3.61,3.72,259000
2008-11-12,3.47,3.72,3.47,3.7,272000
2008-11-13,3.24,3.45,3.24,3.45,120000
2008-11-14,3.35,3.46,3.28,3.28,305000
2008-11-17,3.58,3.58,3.25,3.25,937000
2008-11-18,3.53,3.75,3.5,3.64,932000
2008-11-19,3.44,3.53,3.38,3.53,264000
2008-11-20,3.43,3.6,3.29,3.37,386000
2008-11-21,3.5,3.54,3.21,3.21,172000
2008-11-24,3.6,3.65,3.5,3.5,414000
2008-11-25,3.66,3.79,3.63,3.7,562000
2008-11-26,3.6,3.73,3.57,3.57,230000
2008-11-27,3.85,3.85,3.75,3.8,1397000
2008-11-28,3.94,4,3.8,3.85,755000
2008-12-01,4.21,4.21,3.81,3.99,1415000
2008-12-02,3.93,4.14,3.92,4.02,746000
2008-12-03,4.1,4.14,3.95,3.95,560000
2008-12-04,3.91,4.14,3.86,4.13,496000
2008-12-05,3.92,3.93,3.81,3.82,188000
2008-12-08,4.03,4.08,3.99,3.99,203000
2008-12-09,4,4.11,4,4.1,262000
2008-12-10,4.09,4.14,4,4,577000
2008-12-11,4.07,4.13,4.04,4.1,586000
2008-12-12,3.98,4.14,3.98,4.05,421000
2008-12-15,4.24,4.25,4.13,4.2,1287000
2008-12-16,4.06,4.23,4.01,4.23,187000
2008-12-17,4.16,4.24,4.11,4.21,682000
2008-12-18,4.27,4.36,4.15,4.29,380000
2008-12-19,4.21,4.27,4.11,4.2,433000
2008-12-22,4.3,4.44,4.29,4.29,1408000
2008-12-23,4.22,4.3,4.08,4.3,430000
2008-12-24,4.29,4.34,4.19,4.19,293000
2008-12-25,4.2,4.3,4.13,4.3,102000
2008-12-26,4.14,4.25,4.1,4.19,107000
2008-12-29,4.11,4.2,4.1,4.17,205000
2008-12-30,4.29,4.29,4.12,4.14,301000
2008-12-31,4.27,4.35,4.22,4.29,257000
2009-01-05,4.29,4.35,4.27,4.27,322000
2009-01-06,4.32,4.35,4.13,4.32,477000
2009-01-07,4.35,4.4,4.29,4.32,386000
2009-01-08,4.27,4.34,4.14,4.34,440000
2009-01-09,4.18,4.18,4.13,4.15,173000
2009-01-12,4.33,4.37,4.21,4.26,226000
2009-01-13,4.15,4.3,4.15,4.3,206000
2009-01-14,4.18,4.25,4.15,4.16,161000
2009-01-15,4.02,4.14,4.02,4.14,115000
2009-01-16,3.92,4.1,3.81,4.1,408000
2009-01-19,3.97,4.04,3.95,4.01,198000
2009-01-20,3.93,3.96,3.83,3.96,61000
2009-01-21,3.93,4,3.91,3.92,281000
2009-02-02,4.2,4.2,3.95,4.02,279000
2009-02-03,4.23,4.3,4.2,4.2,172000
2009-02-04,4.2,4.22,4.2,4.22,212000
2009-02-05,4.21,4.26,4.2,4.2,319000
2009-02-06,4.24,4.3,4.22,4.22,76000
2009-02-09,4.25,4.36,4.25,4.3,91000
2009-02-10,4.3,4.32,4.21,4.25,203000
2009-02-11,4.26,4.31,4.25,4.3,368000
2009-02-12,4.27,4.27,4.24,4.27,128000
2009-02-13,4.27,4.3,4.25,4.29,83000
2009-02-16,4.26,4.31,4.25,4.27,69000
2009-02-17,4.24,4.27,4.11,4.27,104000
2009-02-18,4.18,4.3,4.1,4.19,79000
2009-02-19,4.15,4.2,4.11,4.12,122000
2009-02-20,4.14,4.16,4.04,4.16,53000
2009-02-23,4.14,4.14,4.07,4.1,21000
2009-02-24,4.08,4.14,4.08,4.14,81000
2009-02-25,4.12,4.18,4.09,4.09,74000
2009-02-26,4.07,4.13,4.04,4.09,182000
2009-02-27,4.07,4.1,4.01,4.07,168000
2009-03-02,4.12,4.19,4.06,4.1,239000
2009-03-03,4,4.08,3.86,3.91,173000
2009-03-04,4.15,4.19,4.01,4.05,113000
2009-03-05,4.19,4.22,4.11,4.13,271000
2009-03-06,4.16,4.19,4.1,4.19,247000
2009-03-09,4.45,4.45,4.22,4.23,1199000
2009-03-10,4.45,4.52,4.33,4.52,482000
2009-03-11,4.5,4.65,4.48,4.65,438000
2009-03-12,4.81,4.81,4.65,4.65,1190000
2009-03-13,5.06,5.12,4.94,4.94,1442000
2009-03-16,5.26,5.28,5.1,5.12,1778000
2009-03-17,5.14,5.39,5.12,5.36,856000
2009-03-18,5.25,5.33,5.14,5.14,698000
2009-03-19,5.49,5.58,5.32,5.42,947000
2009-03-20,5.47,5.63,5.4,5.63,1302000
2009-03-23,5.5,5.57,5.38,5.45,569000
2009-03-24,5.52,5.79,5.51,5.51,1036000
2009-03-25,5.52,5.6,5.5,5.5,591106
2009-03-26,5.66,5.85,5.5,5.59,1118208
2009-03-27,5.69,5.85,5.6,5.79,1100954
2009-03-30,5.8,5.8,5.63,5.69,804539
2009-03-31,6.2,6.2,5.73,5.8,1043114
2009-04-01,6.63,6.63,6.4,6.4,677067
2009-04-02,7.09,7.09,7.09,7.09,576257
2009-04-03,7.58,7.58,7.58,7.58,766968
2009-04-06,7.74,8.11,7.58,8.11,5833230
2009-04-07,8.03,8.25,7.74,7.98,2615373
2009-04-08,7.69,8.01,7.66,8.01,2611695
2009-04-09,7.95,8,7.69,7.69,1190000
2009-04-10,8.02,8.21,8.01,8.2,2242482
2009-04-13,8.36,8.58,7.92,7.98,3005556
2009-04-14,8.21,8.5,8.1,8.48,2402827
2009-04-15,8.18,8.42,8.14,8.21,2001442
2009-04-16,8.06,8.35,8.01,8.2,1855374
2009-04-17,7.5,8.18,7.5,8.18,2659300
2009-04-20,6.99,7.5,6.98,7.5,1457990
2009-04-21,7.29,7.3,6.65,6.86,1634374
2009-04-22,7.3,7.5,7.2,7.3,1425263
2009-04-23,7.15,7.38,7.1,7.38,672997
2009-04-24,7.17,7.47,7.1,7.2,937871
2009-04-27,6.67,7.21,6.67,7.21,1721785
2009-04-28,6.21,6.68,6.21,6.68,1232000
2009-04-29,6.1,6.29,6,6,713458
2009-04-30,6.52,6.52,6.31,6.52,1061821
2009-05-04,6.97,6.97,6.97,6.97,392611
2009-05-05,7.05,7.45,7,7.45,2954316
2009-05-06,7.32,7.4,6.61,6.68,1345062
2009-05-07,7.55,7.7,7.32,7.32,2292376
2009-05-08,7.2,7.5,7.12,7.2,1590158
2009-05-11,7.4,7.49,7.26,7.31,1617567
2009-05-12,7.1,7.34,7.1,7.11,2897294
2009-05-13,7.28,7.28,7.1,7.28,1200398
2009-05-14,7.31,7.38,7.1,7.18,562791
2009-05-15,7.41,7.58,7.31,7.31,1139723
2009-05-18,7.21,7.5,7.15,7.15,1029728
2009-05-19,7.32,7.49,7.19,7.49,1667999
2009-05-20,7.17,7.27,7.11,7.21,948154
2009-05-21,7.19,7.24,7.1,7.15,608045
2009-05-22,7.26,7.45,7.11,7.19,1416791
2009-05-25,7.76,7.76,7.3,7.5,2457065
2009-05-26,7.48,8.03,7.43,7.9,2069937
2009-05-27,7.7,7.7,7.33,7.56,1074071
2009-06-01,7.7,7.9,7.49,7.73,1982994
2009-06-02,7.59,7.9,7.48,7.8,1971961
2009-06-03,7.21,7.51,7.2,7.51,1089202
2009-06-04,7.25,7.31,7.02,7.22,1029069
2009-06-05,7.15,7.2,7.05,7.16,1450104
2009-06-08,7.01,7.29,7.01,7.29,715948
2009-06-09,6.52,7.08,6.52,7,711002
2009-06-10,6.46,6.73,6.45,6.51,714521
2009-06-11,6.69,6.7,6.43,6.59,1067404
2009-06-12,6.75,6.79,6.69,6.79,664000
2009-06-15,6.6,6.77,6.56,6.56,776463
2009-06-16,6.73,6.73,6.3,6.3,559999
2009-06-17,6.62,6.76,6.61,6.73,360135
2009-06-18,6.56,6.75,6.54,6.75,374052
2009-06-19,6.65,6.7,6.42,6.7,455489
2009-06-22,6.6,6.7,6.5,6.65,276391
2009-06-23,6.53,6.63,6.5,6.5,213999
2009-06-24,6.98,6.98,6.53,6.53,737939
2009-06-25,7,7.27,6.91,6.97,733896
2009-06-26,7.04,7.1,6.95,7.05,362119
2009-06-29,6.93,7.04,6.91,7.04,365681
2009-06-30,7,7.18,6.93,7.09,358764
2009-07-01,7.17,7.18,6.7,7,615260
2009-07-02,7.2,7.2,7,7,760724
2009-07-03,7.18,7.24,7.06,7.18,546394
2009-07-06,7.68,7.68,7.31,7.39,2655345
2009-07-07,7.8,7.96,7.6,7.68,2552711
2009-07-08,7.61,7.9,7.55,7.9,1198812
2009-07-09,7.7,7.78,7.62,7.63,776594
2009-07-10,7.6,7.78,7.55,7.78,501459
2009-07-13,7.3,7.7,7.27,7.66,682286
2009-07-14,7.3,7.39,7.2,7.2,334447
2009-07-15,7.7,7.81,7.35,7.4,2007943
2009-07-16,7.53,7.81,7.5,7.81,1153181
2009-07-17,7.63,7.75,7.55,7.55,755099
2009-07-20,7.7,7.78,7.56,7.56,868690
2009-07-21,7.63,7.74,7.62,7.7,566403
2009-07-22,7.64,7.7,7.63,7.64,442564
2009-07-23,7.62,7.74,7.58,7.65,463820
2009-07-24,7.67,7.9,7.61,7.9,815932
2009-07-27,7.85,8.2,7.85,8.2,823965
2009-07-28,7.9,7.95,7.78,7.9,762800
2009-07-29,7.9,7.93,7.68,7.9,803455
2009-07-30,7.95,7.95,7.7,7.81,1402652
2009-07-31,8,8.1,7.8,7.8,1164443
2009-08-03,8.01,8.17,7.91,8.1,2156515
2009-08-04,7.9,8.15,7.8,8.1,1859704
2009-08-05,7.42,8,7.42,7.95,691731
2009-08-06,7.47,7.67,7.43,7.55,970505
2009-08-10,7.71,7.93,7.7,7.75,889391
2009-08-11,7.9,8,7.75,7.75,727457
2009-08-12,7.99,7.99,7.73,7.78,460463
2009-08-13,8.19,8.29,7.99,7.99,1289207
2009-08-14,8.4,8.5,8.2,8.25,1995657
2009-08-17,8.37,8.48,8.21,8.34,1469573
2009-08-18,8.03,8.25,8.03,8.2,995444
2009-08-19,7.95,8.1,7.95,8.05,394506
2009-08-20,8.09,8.15,7.78,7.88,792052
2009-08-21,7.74,8.18,7.69,8.09,774813
2009-08-24,7.83,8.04,7.81,7.92,554085
2009-08-25,7.96,7.99,7.83,7.83,209999
2009-08-26,7.83,8,7.74,8,296492
2009-08-27,7.68,8.1,7.68,7.75,332175
2009-08-28,7.69,7.77,7.68,7.71,265147
2009-08-31,7.76,7.78,7.56,7.6,215130
2009-09-01,7.8,7.87,7.7,7.7,385182
2009-09-02,7.8,7.89,7.76,7.76,247426
2009-09-03,7.65,7.79,7.62,7.79,513716
2009-09-04,7.54,7.7,7.54,7.7,614000
2009-09-07,7.65,7.67,7.44,7.54,509967
2009-09-08,7.86,7.86,7.66,7.66,911340
2009-09-09,7.86,7.95,7.73,7.9,428613
2009-09-10,7.83,8,7.81,7.95,436229
2009-09-11,7.82,7.95,7.78,7.81,269605
2009-09-14,7.78,7.82,7.76,7.76,144734
2009-09-15,7.8,7.84,7.77,7.81,305233
2009-09-16,7.38,7.94,7.26,7.8,4404110
2009-09-17,7.19,7.5,7.09,7.38,2624793
2009-09-18,7.25,7.27,7.05,7.14,1517822
2009-09-21,7.11,7.28,7.04,7.12,2527263
2009-09-22,7.17,7.21,7.1,7.11,774564
2009-09-23,7.12,7.24,7.08,7.24,763561
2009-09-24,7.09,7.15,7.08,7.1,346272
2009-09-25,7.07,7.14,7.06,7.08,336047
2009-09-28,7.04,7.1,7.03,7.05,216204
2009-09-29,7.13,7.19,7.04,7.04,425498
2009-09-30,7.19,7.2,7.11,7.15,791184
2009-10-01,7.09,7.24,7.07,7.24,415034
2009-10-02,7.02,7.12,7,7.03,727442
2009-10-05,7.04,7.08,7.02,7.02,212451
2009-10-06,7.07,7.14,7.04,7.05,449185
2009-10-07,7.14,7.18,7.13,7.14,775392
2009-10-08,7.1,7.26,7.1,7.26,970393
2009-10-09,7.11,7.19,7.1,7.11,405382
2009-10-12,7.3,7.4,7.2,7.2,1613333
2009-10-13,7.25,7.34,7.23,7.3,604589
2009-10-14,7.22,7.28,7.17,7.25,546008
2009-10-15,7.14,7.3,7.12,7.25,780132
2009-10-16,7.14,7.18,7.11,7.15,310709
2009-10-19,7.13,7.16,7.1,7.13,329102
2009-10-20,7.17,7.17,7.13,7.15,371262
2009-10-21,7.47,7.55,7.27,7.45,2376918
2009-10-22,7.41,7.52,7.33,7.4,1013162
2009-10-23,7.34,7.49,7.32,7.49,777382
2009-10-26,7.39,7.46,7.35,7.35,621785
2009-10-27,7.26,7.4,7.25,7.4,228941
2009-10-28,7.26,7.36,7.19,7.26,400022
2009-10-29,7,7.25,6.91,7.25,561466
2009-10-30,7.09,7.14,7.03,7.1,306485
2009-11-02,7.08,7.14,7,7.06,268948
2009-11-03,7.12,7.16,7.07,7.07,274579
2009-11-04,7.13,7.23,7.13,7.13,256000
2009-11-05,7.14,7.24,7.13,7.15,183581
2009-11-06,7.16,7.25,7.14,7.2,386358
2009-11-09,7.18,7.27,7.17,7.2,314973
2009-11-10,7.25,7.33,7.21,7.25,440167
2009-11-11,7.31,7.36,7.26,7.26,612370
2009-11-12,7.3,7.4,7.3,7.33,289926
2009-11-13,7.32,7.35,7.23,7.3,401057
2009-11-16,7.27,7.34,7.23,7.24,581400
2009-11-17,7.24,7.3,7.01,7.27,482397
2009-11-18,7.3,7.32,7.2,7.25,318996
2009-11-19,7.23,7.33,7.23,7.29,151322
2009-11-20,7.2,7.29,7.18,7.23,277956
2009-11-23,7.13,7.21,7.1,7.2,199005
2009-11-24,7.11,7.24,7.09,7.2,419089
2009-11-25,7.09,7.17,7.09,7.13,366503
2009-11-26,7.18,7.3,7.14,7.14,482814
2009-11-27,7.04,7.19,7.03,7.15,487800
2009-11-30,7.08,7.12,7.04,7.04,246466
2009-12-01,7.08,7.1,7.02,7.08,354193
2009-12-02,7.1,7.19,7.04,7.19,456881
2009-12-03,6.99,7.1,6.98,7.1,820735
2009-12-04,6.99,7.04,6.92,6.98,559166
2009-12-07,7.07,7.09,7.02,7.02,325836
2009-12-08,7.02,7.1,6.99,7.1,296299
2009-12-09,7,7.08,6.99,7.05,364658
2009-12-10,6.97,7.08,6.96,7.02,431194
2009-12-11,7,7.06,6.99,7,387617
2009-12-14,7.09,7.11,7,7,447432
2009-12-16,7.02,7.06,7.01,7.02,526917
2009-12-17,7.03,7.12,7.01,7.12,426628
2009-12-18,7.03,7.05,6.99,7,614184
2009-12-21,7.02,7.09,7.01,7.07,405975
2009-12-22,7.03,7.06,7.01,7.03,274224
2009-12-23,7.02,7.06,7,7.03,254545
2009-12-24,7.03,7.09,7.01,7.02,438903
2009-12-25,7.08,7.1,7.01,7.03,435607
2009-12-28,7.21,7.3,7.02,7.08,1518205
2009-12-29,7.71,7.71,7.21,7.39,3770628
2009-12-30,7.98,8.13,7.72,7.97,3522449
2009-12-31,7.95,0.00,0.00,0.00,0
2010-01-04,7.96,8.08,7.9,7.99,1489592
2010-01-05,7.86,8.05,7.85,8.04,1163834
2010-01-06,7.88,8.01,7.86,7.88,1498202
2010-01-07,7.8,7.97,7.8,7.9,996703
2010-01-08,7.95,8,7.72,7.75,1220801
2010-01-11,8.05,8.3,7.85,7.9,3056559
2010-01-12,7.9,8.1,7.86,8.05,525920
2010-01-13,7.87,8,7.85,7.9,539964
2010-01-14,7.79,7.95,7.78,7.87,717166
2010-01-15,7.79,7.88,7.77,7.79,437207
2010-01-18,7.99,8.13,7.75,7.79,1617730
2010-01-19,7.89,8.1,7.8,8.1,837558
2010-01-20,7.88,7.96,7.85,7.85,649069
2010-01-21,7.75,7.9,7.72,7.89,497949
2010-01-22,7.63,7.75,7.51,7.51,788145
2010-01-25,7.52,7.64,7.5,7.6,503122
2010-01-26,7.14,7.6,7.11,7.6,489377
2010-01-27,7,7.19,7,7.12,712091
2010-01-28,7.08,7.14,7.04,7.12,648144
2010-01-29,7,7.07,6.81,7,334662
2010-02-01,6.94,7.04,6.9,6.98,287976
2010-02-02,6.97,7.03,6.89,6.98,307799
2010-02-03,7.08,7.1,6.9,7,411954
2010-02-04,7.06,7.1,7,7.01,235498
2010-02-05,6.65,7,6.57,7,536509
2010-02-08,6.53,6.73,6.35,6.7,197248
2010-02-09,6.95,6.96,6.45,6.45,571250
2010-02-10,7.43,0.00,0.00,0.00,0
2010-02-22,7.6,7.9,7.51,7.8,1908983
2010-02-23,7.36,7.59,7.35,7.51,848984
2010-02-24,7.31,7.39,7.26,7.33,292000
2010-02-25,7.65,7.78,7.31,7.31,780471
2010-02-26,7.41,7.75,7.32,7.73,644702
2010-03-01,7.38,7.49,7.38,7.41,417508
2010-03-02,7.35,7.5,7.32,7.4,411262
2010-03-03,7.35,7.44,7.33,7.42,322633
2010-03-04,7.4,7.5,7.31,7.36,404742
2010-03-05,7.39,7.42,7.36,7.41,414049
2010-03-08,7.27,7.4,7.26,7.37,945543
2010-03-09,7.16,7.26,7.15,7.26,593080
2010-03-10,7.19,7.21,7.1,7.16,707979
2010-03-11,7.24,7.25,7.12,7.19,415615
2010-03-12,7.32,7.35,7.17,7.24,394137
2010-03-15,7.41,7.41,7.3,7.3,882207
2010-03-16,7.45,7.46,7.4,7.41,648337
2010-03-17,7.49,7.58,7.4,7.5,1267657
2010-03-18,7.45,7.49,7.38,7.46,919003
2010-03-19,7.44,7.49,7.38,7.41,1208678
2010-03-22,7.75,7.95,7.41,7.44,1662348
2010-03-23,7.9,7.94,7.7,7.78,1764529
2010-03-24,7.75,7.93,7.75,7.9,738289
2010-03-25,7.8,7.82,7.7,7.82,488736
2010-03-26,7.69,7.95,7.64,7.8,1361972
2010-03-29,7.69,7.87,7.69,7.87,461802
2010-03-30,7.59,7.75,7.58,7.72,663536
2010-03-31,7.61,7.61,7.55,7.61,221999
2010-04-01,7.61,7.67,7.58,7.61,661620
2010-04-02,7.59,0.00,0.00,0.00,0
2010-04-06,7.59,7.7,7.56,7.7,421016
2010-04-07,7.55,7.65,7.54,7.65,584969
2010-04-08,7.6,7.62,7.55,7.62,356459
2010-04-09,7.66,7.66,7.57,7.6,372502
2010-04-12,7.71,7.73,7.61,7.72,736790
2010-04-13,7.63,7.71,7.59,7.71,496936
2010-04-14,7.62,7.73,7.57,7.66,927850
2010-04-15,7.67,7.72,7.6,7.67,1369797
2010-04-16,7.6,7.67,7.53,7.67,806271
2010-04-19,7.15,7.58,7.1,7.58,725330
2010-04-20,7.21,7.29,6.9,7.16,724021
2010-04-21,7.22,7.3,7.21,7.22,221641
2010-04-22,7.18,7.31,7.13,7.27,279455
2010-04-23,7.15,7.2,7.15,7.19,268148
2010-04-26,7.32,7.4,7.18,7.18,369290
2010-04-27,7.28,7.4,7.24,7.31,452958
2010-04-28,7.08,7.17,6.86,6.86,443667
2010-04-29,7.2,7.22,7.11,7.18,275868
2010-04-30,7.24,7.36,7.24,7.24,339239
2010-05-03,7.25,7.4,7.2,7.4,332758
2010-05-04,7.25,7.35,7.2,7.35,111528
2010-05-05,7.07,7.2,7.06,7.2,194697
2010-05-06,7.01,7.1,6.97,7.07,150382
2010-05-07,6.9,6.92,6.74,6.86,393251
2010-05-10,7.2,7.2,6.94,6.94,267555
2010-05-11,7.05,7.29,7.05,7.29,330834
2010-05-12,6.96,7.09,6.66,7.09,227226
2010-05-13,7,7.05,6.93,6.96,289809
2010-05-14,6.96,7,6.9,6.92,185999
2010-05-17,6.85,7,6.83,7,211335
2010-05-18,6.85,7,6.85,6.86,56378
2010-05-19,7.32,7.32,6.82,6.82,703527
2010-05-20,6.81,7.35,6.81,7.35,2334416
2010-05-21,6.56,6.7,6.46,6.61,402018
2010-05-24,6.66,6.79,6.62,6.72,220000
2010-05-25,6.57,6.7,6.37,6.7,436357
2010-05-26,6.49,6.7,6.48,6.6,166038
2010-05-27,6.39,6.53,6.28,6.48,2148000
2010-05-28,6.1,6.54,6.09,6.48,3450000
2010-05-31,6.24,6.28,6.1,6.1,1121638
2010-06-01,6.21,6.3,6.16,6.21,517647
2010-06-02,6.08,6.28,6.03,6.22,692972
2010-06-03,6.04,6.19,6.02,6.15,1650660
2010-06-04,6.05,6.1,5.98,6.09,1235793
2010-06-07,5.85,5.97,5.74,5.97,910925
2010-06-08,5.85,5.92,5.76,5.85,884327
2010-06-09,5.61,5.92,5.55,5.86,1094311
2010-06-10,5.72,5.77,5.62,5.77,442242
2010-06-11,5.78,5.88,5.78,5.82,488951
2010-06-14,5.89,5.91,5.78,5.78,366936
2010-06-15,5.92,0.00,0.00,0.00,0
2010-06-17,6.03,6.03,5.95,5.97,620767
2010-06-18,6.07,6.25,6.03,6.1,948827
2010-06-21,6.23,6.3,6.08,6.14,615035
2010-06-22,6.19,6.24,6.19,6.21,473069
2010-06-23,6.16,6.19,6.08,6.18,279681
2010-06-24,6.14,6.21,6.12,6.14,393889
2010-06-25,6.1,6.15,6.01,6.01,348053
2010-06-28,6.06,6.12,6.05,6.1,430874
2010-06-29,6.01,6.1,6,6.03,416301
2010-06-30,5.94,5.97,5.9,5.95,451179
2010-07-01,5.94,5.98,5.91,5.92,226000
2010-07-02,5.98,6.03,5.97,5.97,202309
2010-07-05,6,6.04,5.96,6,411223
2010-07-06,6.04,6.09,5.99,5.99,220228
2010-07-07,6.06,6.14,6.01,6.05,249267
2010-07-08,6.1,6.12,6.06,6.08,439769
2010-07-09,6.09,6.14,6.07,6.14,364477
2010-07-12,6.08,6.12,6.06,6.09,163949
2010-07-13,6.08,6.14,6.08,6.08,301312
2010-07-14,6.08,6.1,6.06,6.08,231955
2010-07-15,6.08,6.13,6.08,6.08,342510
2010-07-16,6.09,6.11,6.06,6.06,373263
2010-07-19,6.1,6.15,6,6,228584
2010-07-20,6.1,6.16,6.1,6.11,261113
2010-07-21,6.1,6.11,6.07,6.1,153240
2010-07-22,6.13,6.15,6.08,6.1,127964
2010-07-23,6.16,6.19,6.13,6.13,387623
2010-07-26,6.22,6.24,6.16,6.19,423999
2010-07-27,6.2,6.25,6.18,6.25,444528
2010-07-28,6.25,6.26,6.2,6.22,390733
2010-07-29,6.25,6.29,6.2,6.25,279964
2010-07-30,6.31,6.49,6.25,6.26,969121
2010-08-02,6.45,6.5,6.33,6.34,1361001
2010-08-03,6.49,6.55,6.44,6.48,625167
2010-08-04,6.51,6.54,6.42,6.49,648334
2010-08-05,6.48,6.56,6.39,6.54,799141
2010-08-06,6.53,6.56,6.44,6.48,533081
2010-08-09,6.68,6.77,6.63,6.68,588000
2010-08-10,6.56,6.68,6.52,6.68,227226
2010-08-11,6.7,6.79,6.61,6.79,443917
2010-08-12,6.58,6.65,6.47,6.5,339252
2010-08-13,6.64,6.65,6.51,6.59,563220
2010-08-16,6.6,6.65,6.56,6.65,233436
2010-08-17,6.57,6.7,6.57,6.58,513781
2010-08-18,7.02,7.02,6.63,6.75,3984231
2010-08-19,6.86,7.12,6.82,7.12,1754763
2010-08-20,6.91,6.92,6.78,6.8,557589
2010-08-23,7.04,7.11,6.92,6.95,1282119
2010-08-24,6.88,7.12,6.88,7.1,893111
2010-08-25,6.7,6.82,6.62,6.75,981589
2010-08-26,6.67,6.78,6.66,6.74,649001
2010-08-27,7.13,7.13,6.67,6.67,2854807
2010-08-30,7.62,7.62,7.56,7.62,6754335
2010-08-31,7.9,8.1,7.56,7.62,6549878
2010-09-01,8.45,8.45,8.13,8.35,7724309
2010-09-02,9.04,9.04,8.5,8.54,12080230
2010-09-03,9.06,9.6,8.8,9.5,10714926
2010-09-06,9,9.45,8.96,9.33,6206191
2010-09-07,9.03,9.19,8.95,9.01,4958633
2010-09-08,9.1,9.23,9,9.23,4620493
2010-09-09,8.76,9.2,8.58,9.2,5510718
2010-09-10,8.89,9,8.73,8.89,3421015
2010-09-13,9.05,9.06,8.89,9,3618191
2010-09-14,8.99,9.13,8.98,9.07,2399705
2010-09-15,9.01,9.1,8.96,9.1,2105922
2010-09-16,8.85,9.06,8.85,9.01,1810945
2010-09-17,8.77,8.95,8.75,8.93,2014063
2010-09-20,9.38,9.38,8.85,8.85,8286616
2010-09-21,9.44,0.00,0.00,0.00,0
2010-09-23,9.15,9.5,9.1,9.5,4022128
2010-09-24,9.18,9.27,9.14,9.15,2106281
2010-09-27,9.05,9.28,9.05,9.28,2233933
2010-09-28,9,9.12,8.95,9,1033548
2010-09-29,9.22,9.22,9,9.01,1756601
2010-09-30,9.18,9.22,9.06,9.22,1396331
2010-10-01,9.3,9.5,9.2,9.22,2825719
2010-10-04,9.69,9.9,9.47,9.47,5942850
2010-10-05,10.3,10.3,9.61,9.7,9915131
2010-10-06,10.25,10.7,10.2,10.5,9397594
2010-10-07,10,10.35,9.92,10.25,6055063
2010-10-08,10,10.2,9.92,10,2110039
2010-10-11,9.82,10,9.74,10,2530005
2010-10-12,9.68,9.9,9.5,9.9,2595241
2010-10-13,9.68,9.7,9.56,9.65,1345285
2010-10-14,9.75,9.9,9.65,9.75,1822761
2010-10-15,9.78,9.84,9.7,9.7,1141208
2010-10-18,9.5,9.85,9.45,9.84,2195637
2010-10-19,9.52,9.67,9.42,9.5,1102883
2010-10-20,9.61,9.7,9.45,9.48,970000
2010-10-21,10.25,10.25,10.1,10.25,7670838
2010-10-22,10,10.35,9.98,10.3,3156596
2010-10-25,10.2,10.3,10.05,10.05,1801250
2010-10-26,10.15,10.35,10.05,10.2,1220179
2010-10-27,10.15,10.3,10,10.3,1262856
2010-10-28,10.25,10.3,10.1,10.15,2095816
2010-10-29,10.1,10.3,10.05,10.3,1076932
2010-11-01,10.8,10.8,10.7,10.8,8963806
2010-11-02,11,11.3,10.65,10.8,10527153
2010-11-03,11,11.3,10.95,11,5558837
2010-11-04,11.1,11.25,11.05,11.25,3448293
2010-11-05,11.55,11.7,11.25,11.25,5663238
2010-11-08,12,12.1,11.65,11.7,7759417
2010-11-09,11.55,11.9,11.5,11.9,4562549
2010-11-10,11.7,11.9,11.6,11.65,4445936
2010-11-11,11.6,11.9,11.55,11.9,2380939
2010-11-12,11.6,11.7,11.5,11.6,2477472
2010-11-15,11.6,12,11.55,11.7,5568668
2010-11-16,12.4,12.4,11.6,11.75,13756199
2010-11-17,12.35,12.5,12.1,12.4,7756262
2010-11-18,12.1,12.5,12.05,12.5,3385074
2010-11-19,12.35,12.6,12.2,12.2,7135240
2010-11-22,13.15,13.2,12.55,12.65,17535384
2010-11-23,13,13.15,12.85,13.1,6935392
2010-11-24,13.35,13.35,12.7,12.8,8687892
2010-11-25,13.1,13.65,13,13.4,7716132
2010-11-26,12.75,13.2,12.75,13.1,4949868
2010-11-29,13.1,13.35,13,13.05,5956112
2010-11-30,13,13.15,12.85,13,5662754
2010-12-01,13.3,13.4,12.95,12.95,6085170
2010-12-02,13.05,13.45,13.05,13.45,3700263
2010-12-03,12.8,13.2,12.75,13.2,3579864
2010-12-06,12.95,13.1,12.9,13,2371047
2010-12-07,13.2,13.3,12.9,13.1,4012776
2010-12-08,13.95,14.1,13.5,13.5,11540326
2010-12-09,13.7,13.9,13.5,13.9,4268701
2010-12-10,13.65,13.9,13.2,13.9,4739712
2010-12-13,13.55,13.75,13.5,13.75,4068165
2010-12-14,13.7,14,13.55,13.6,5824539
2010-12-15,14.15,14.55,13.8,13.8,8025486
2010-12-16,15.1,15.1,14.2,14.2,11633325
2010-12-17,15.2,16.1,14.95,15.4,16416805
2010-12-20,15.35,15.8,15.1,15.4,6481350
2010-12-21,15.7,15.75,15.45,15.6,4246600
2010-12-22,15.4,15.85,15.2,15.75,4918885
2010-12-23,15.55,15.8,15.4,15.4,4814460
2010-12-24,15.25,15.6,15.15,15.55,3766113
2010-12-27,15.25,15.4,15.1,15.2,1675492
2010-12-28,15.65,15.7,15.1,15.25,7065431
2010-12-29,15.95,16.4,15.85,16,11445239
2010-12-30,15.65,15.95,15.55,15.95,3411722
2010-12-31,15.65,16.2,15.65,15.65,4273446
2011-01-03,15.65,15.95,15.4,15.7,7259551
2011-01-04,15.4,15.9,15.4,15.75,4555350
2011-01-05,15.4,16.1,15.3,15.4,10058535
2011-01-06,15.35,15.75,15.2,15.7,3198499
2011-01-07,14.4,15.5,14.3,15.4,6955315
2011-01-10,14.1,14.5,13.8,14.3,4537415
2011-01-11,14.55,14.65,14,14,2902885
2011-01-12,14.65,14.9,14.6,14.65,3161897
2011-01-13,14.4,14.8,14.4,14.8,1781388
2011-01-14,14.6,14.75,14.4,14.45,1377483
2011-01-17,14.15,14.7,14,14.6,3172585
2011-01-18,14.1,14.2,13.9,14.1,1805166
2011-01-19,14.25,14.35,14.1,14.1,1583101
2011-01-20,14.45,14.5,14.3,14.35,1903876
2011-01-21,14.3,14.45,14.2,14.45,1613183
2011-01-24,14,14.4,14,14.35,1691758
2011-01-25,14,14.2,13.95,14.1,1388789
2011-01-26,14.05,14.15,13.95,14,1146888
2011-01-27,14.1,14.5,14.05,14.5,1884510
2011-01-28,13.9,0.0,0.0,0.0,0
2011-02-08,13.9,14.1,13.9,14.1,1092538
2011-02-09,14.05,14.3,13.9,13.95,2364653
2011-02-10,13.95,14.2,13.95,14.05,1001000
2011-02-11,13.25,14,13.25,14,2665101
2011-02-14,13.55,13.65,13.25,13.3,1993456
2011-02-15,13.8,13.9,13.4,13.6,1635352
2011-02-16,13.75,13.9,13.65,13.9,1102011
2011-02-17,13.5,13.8,13.35,13.8,1515484
2011-02-18,13.75,13.95,13.55,13.6,2906363
2011-02-21,14.1,14.2,14,14,3275910
2011-02-22,13.85,14.15,13.65,14.15,1902279
2011-02-23,13.4,13.85,13.2,13.3,2547906
2011-02-24,13.2,13.5,13.2,13.4,1277456
2011-02-25,12.55,0.00,0.00,0.00,0
2011-03-01,12.7,12.7,12.2,12.2,1531620
2011-03-02,12.7,12.9,12.5,12.6,1313799
2011-03-03,12.75,12.85,12.6,12.8,1672426
2011-03-04,12.35,12.85,12.3,12.85,1787898
2011-03-07,11.5,12.15,11.5,12.1,6379265
2011-03-08,11.65,11.8,11.3,11.3,2646586
2011-03-09,11.8,11.9,11.7,11.9,1154442
2011-03-10,12.15,12.25,11.7,11.8,2713307
2011-03-11,11.95,12.05,11.75,11.8,1335565
2011-03-14,11.4,11.75,11.2,11.7,1840160
2011-03-15,10.7,11.65,10.65,11.15,2927377
2011-03-16,10.9,11,10.7,10.9,1383000
2011-03-17,10.8,10.85,10.55,10.8,862023
2011-03-18,11.55,11.55,11,11,3952827
2011-03-21,11.8,11.9,11.35,11.5,2760304
2011-03-22,12.2,12.2,11.9,12.05,2774356
2011-03-23,12.25,12.3,12.05,12.25,1590213
2011-03-24,12.3,12.45,12.25,12.4,1882558
2011-03-25,12.1,12.35,11.9,12.35,1672839
2011-03-28,11.7,12,11.65,12,1785074
2011-03-29,11.55,11.8,11.5,11.6,1005400
2011-03-30,11.55,11.65,11.35,11.35,646824
2011-03-31,11.55,11.7,11.4,11.7,888463
2011-04-01,11.65,0.00,0.00,0.00,0
2011-04-06,11.5,11.75,11.45,11.7,1292400
2011-04-07,11.8,11.85,11.45,11.6,1941024
2011-04-08,11.7,11.85,11.65,11.85,986764
2011-04-11,11.55,11.75,11.55,11.75,618661
2011-04-12,11.55,11.65,11.5,11.55,518410
2011-04-13,11.75,11.75,11.55,11.7,532040
2011-04-14,11.55,11.75,11.55,11.75,794896
2011-04-15,11.7,12,11.5,11.6,3763373
2011-04-18,11.7,11.9,11.6,11.9,880992
2011-04-19,11.45,11.65,11.4,11.65,917807
2011-04-20,11.6,11.7,11.5,11.5,624451
2011-04-21,11.6,11.7,11.55,11.7,1070948
2011-04-22,11.8,12.1,11.6,11.7,6426411
2011-04-25,12.4,12.4,11.8,11.95,5329079
2011-04-26,12.15,12.4,12.05,12.4,1546399
2011-04-27,12.05,12.35,12.05,12.25,1335093
2011-04-28,12.35,12.65,12.35,12.6,4243463
2011-04-29,12.2,0.0,0.0,0.0,0
2011-05-03,12.4,12.45,12.05,12.25,2134736
2011-05-04,12.2,12.45,12.15,12.4,910895
2011-05-05,12.15,12.35,12.1,12.2,1065251
2011-05-06,12.2,12.5,12.15,12.15,1996100
2011-05-09,12.35,12.55,12.2,12.2,2239576
2011-05-10,13.2,13.2,12.5,12.5,10872344
2011-05-11,13.85,13.9,13.4,13.6,14941525
2011-05-12,13.9,14.1,13.6,13.8,7761194
2011-05-13,14.5,14.65,14.05,14.2,14176046
2011-05-16,14.8,15.2,14.55,14.95,19049899
2011-05-17,14.5,14.8,14,14.8,5812156
2011-05-18,15,15.1,14.55,14.55,8846103
2011-05-19,14.85,15.25,14.7,15,7036400
2011-05-20,14.45,14.95,14.4,14.85,4777832
2011-05-23,14.45,14.6,14.1,14.45,2183906
2011-05-24,14.1,14.4,14,14.4,2765855
2011-05-25,13.7,14.2,13.65,14,4403866
2011-05-26,13.85,14.1,13.7,14.1,3786302
2011-05-27,14.1,14.3,13.95,13.95,3535359
2011-05-30,13.85,14.2,13.8,14.1,2904970
2011-05-31,14.1,14.2,13.85,13.9,2005848
2011-06-01,13.85,14.35,13.85,14.1,2810206
2011-06-02,14.6,14.65,14,14.1,8257543
2011-06-03,14.45,0.00,0.00,0.00,0
2011-06-07,14.1,14.5,14.1,14.5,1881973
2011-06-08,13.95,14.2,13.95,14.1,1491139
2011-06-09,13.95,14.15,13.9,13.9,1309688
2011-06-10,13.7,14.15,13.7,14.15,2175090
2011-06-13,13.5,13.75,13.5,13.6,1329239
2011-06-14,13.5,13.7,13.5,13.65,849381
2011-06-15,13.25,13.55,13.25,13.55,1074747
2011-06-16,12.85,13.3,12.85,13,1117390
2011-06-17,13,13.35,12.95,13,1882506
2011-06-20,12.35,13.3,12.35,13.05,1993148
2011-06-21,12.35,12.65,12.1,12.55,1157907
2011-06-22,13,13,12.45,12.5,1478223
2011-06-23,13.1,13.3,12.85,12.9,2278382
2011-06-24,13.1,13.4,13.1,13.2,2082441
2011-06-27,13.2,13.4,13.1,13.1,2158511
2011-06-28,13.15,13.35,13,13.25,1222056
2011-06-29,13.1,13.3,13.1,13.15,853619
2011-06-30,13.1,13.3,13.1,13.3,748668
2011-07-01,13.4,13.45,13.15,13.15,1417402
2011-07-04,13.75,14.1,13.5,13.5,4080650
2011-07-05,13.9,14.25,13.8,13.95,4404164
2011-07-06,13.65,14,13.6,13.95,1544387
2011-07-07,13.6,13.95,13.6,13.7,1166394
2011-07-08,13.6,14,13.6,13.75,2257306
2011-07-11,13.95,13.95,13.7,13.9,2308162
2011-07-12,13.9,14.2,13.7,13.7,4111620
2011-07-13,13.65,14.1,13.6,14.05,1737627
2011-07-14,13.3,13.8,13.15,13.65,1851200
2011-07-15,13.55,13.65,13.35,13.4,880624
2011-07-18,13.45,13.7,13.4,13.55,739473
2011-07-19,13.5,13.55,13.3,13.45,964579
2011-07-20,13.5,13.65,13.3,13.6,2642407
2011-07-21,13.45,13.7,13.4,13.6,1492186
2011-07-22,13.8,13.9,13.45,13.5,2886340
2011-07-25,13.45,13.95,13.45,13.8,984116
2011-07-26,13.35,13.65,13.35,13.45,882081
2011-07-27,14,14.15,13.3,13.4,5549866
2011-07-28,13.9,14.25,13.85,13.9,2853083
2011-07-29,14.2,14.5,14,14,6578376
2011-08-01,15.1,15.15,14.3,14.35,10092822
2011-08-02,15.2,15.55,14.9,15.1,8904712
2011-08-03,15.15,15.2,14.3,15,4560020
2011-08-04,14.7,15.7,14.6,15.4,8146112
2011-08-05,13.7,13.7,13.7,13.7,1399356
2011-08-08,12.75,13.4,12.75,12.75,3233567
2011-08-09,12.5,12.7,11.9,11.9,3437937
2011-08-10,12.8,13,12.6,12.6,2834763
2011-08-11,12.55,12.75,12,12.2,1428214
2011-08-12,12.65,13.1,12.65,12.75,1522589
2011-08-15,12.8,13,12.65,12.7,1120003
2011-08-16,12.6,12.9,12.6,12.9,1250713
2011-08-17,12.5,12.75,12.5,12.75,726993
2011-08-18,12.05,12.55,12.05,12.5,1062001
2011-08-19,11.25,11.7,11.25,11.3,2200320
2011-08-22,10.7,11.5,10.5,11,2668867
2011-08-23,11,11.15,10.65,10.9,851488
2011-08-24,10.95,11.25,10.95,11.1,889986
2011-08-25,10.2,11,10.2,11,3482110
2011-08-26,9.6,10.25,9.49,10.2,5254711
2011-08-29,10.1,10.2,9.6,9.65,2130532
2011-08-30,10.35,10.45,10.15,10.25,1921852
2011-08-31,10.3,10.45,10.2,10.4,1080003
2011-09-01,10.4,10.5,10.2,10.2,2148091
2011-09-02,10.3,10.45,10.3,10.4,552515
2011-09-05,9.99,10.1,9.9,10.05,511001
2011-09-06,9.65,9.93,9.58,9.92,800938
2011-09-07,9.89,9.89,9.74,9.8,419637
2011-09-08,9.86,10,9.86,10,412545
2011-09-09,9.92,0.00,0.00,0.00,0
2011-09-13,9.59,9.8,9.52,9.8,401418
2011-09-14,9,9.7,8.92,9.6,1626589
2011-09-15,9.35,9.48,9.14,9.2,689682
2011-09-16,9.7,9.73,9.41,9.41,741071
2011-09-19,9.45,9.69,9.43,9.52,484002
2011-09-20,9.56,9.56,9.45,9.46,363205
2011-09-21,9.61,9.68,9.55,9.56,414775
2011-09-22,9.27,9.48,9.26,9.48,556081
2011-09-23,8.83,8.99,8.73,8.78,884146
2011-09-26,8.22,8.83,8.22,8.63,1499098
2011-09-27,8.34,8.48,8.22,8.42,1893787
2011-09-28,8.35,8.4,8.25,8.4,402176
2011-09-29,8.52,8.56,8.25,8.35,1040000
2011-09-30,9.11,9.11,8.62,8.65,2545000
2011-10-03,9.18,9.28,9.04,9.1,1999575
2011-10-04,9.08,9.09,8.91,9.05,939521
2011-10-05,9.04,9.18,9,9,368972
2011-10-06,9.15,9.25,9.14,9.18,877606
2011-10-07,9.19,0.00,0.00,0.00,0
2011-10-11,9.83,9.83,9.28,9.28,2121994
2011-10-12,10.1,10.2,9.9,10.1,1695804
2011-10-13,10.15,10.3,10,10.15,1765163
2011-10-14,9.88,10.15,9.88,10.1,1555258
2011-10-17,9.47,9.63,9.36,9.36,1158600
2011-10-18,9.29,9.4,9.15,9.4,554000
2011-10-19,9.23,9.34,9.19,9.29,681000
2011-10-20,9.12,9.28,9.05,9.28,309000
2011-10-21,9.25,9.26,9.07,9.2,479737
2011-10-24,9.55,9.65,9.5,9.5,843781
2011-10-25,9.56,9.73,9.55,9.65,1032768
2011-10-26,9.61,9.88,9.23,9.23,537040
2011-10-27,9.75,9.76,9.55,9.6,834184
2011-10-28,9.84,9.9,9.6,9.8,905010
2011-10-31,9.66,9.84,9.64,9.84,255497
2011-11-01,9.52,9.66,9.01,9.01,668751
2011-11-02,9.43,9.44,9.27,9.3,494054
2011-11-03,9.24,9.48,9.24,9.45,354720
2011-11-04,9.57,9.63,9.36,9.4,493680
2011-11-07,9.57,9.75,9.55,9.57,599318
2011-11-08,9.45,9.64,9.43,9.58,467943
2011-11-09,9.35,9.55,9.35,9.5,406554
2011-11-10,8.9,9.15,8.75,9.15,891530
2011-11-11,8.93,9,8.8,8.9,613405
2011-11-14,9.02,9.1,9,9.05,400157
2011-11-15,8.88,9.05,8.86,9.05,224739
2011-11-16,8.75,8.99,8.75,8.88,277796
2011-11-17,8.63,8.79,8.2,8.57,818133
2011-11-18,8.28,8.57,8.2,8.46,1074888
2011-11-21,7.73,8.28,7.72,8.28,1088707
2011-11-22,7.54,7.79,7.3,7.3,1228551
2011-11-23,7.3,7.68,7.29,7.68,1011088
2011-11-24,7.45,7.54,7.1,7.12,1002315
2011-11-25,7.45,7.59,7.38,7.59,608001
2011-11-28,7.86,7.89,7.52,7.59,396711
2011-11-29,8.27,8.34,7.9,7.9,622005
2011-11-30,7.82,8.2,7.8,8.2,506896
2011-12-01,8.3,8.35,8.1,8.25,1036404
2011-12-02,8.22,8.3,8.19,8.19,125896
2011-12-05,8.21,8.32,8.21,8.32,191001
2011-12-06,8,8.15,7.92,8.15,220000
2011-12-07,7.93,8.1,7.9,8,189005
2011-12-08,7.81,8.03,7.8,7.85,247530
2011-12-09,7.57,7.72,7.33,7.46,552890
2011-12-12,7.57,7.8,7.55,7.72,474963
2011-12-13,7.42,7.56,7.15,7.2,864134
2011-12-14,7.5,7.5,7.32,7.42,602383
2011-12-15,7.3,7.46,7.21,7.46,351290
2011-12-16,7.24,7.38,7.18,7.3,509411
2011-12-19,6.74,7.2,6.74,7.2,1857152
2011-12-20,6.58,6.72,6.34,6.34,1232622
2011-12-21,7.04,7.04,6.9,6.96,859101
2011-12-22,7.17,7.28,7.14,7.26,728783
2011-12-23,7.67,7.67,7.31,7.34,1202130
2011-12-26,7.94,8.1,7.67,7.71,1472825
2011-12-27,7.69,7.94,7.6,7.94,614723
2011-12-28,7.66,7.88,7.64,7.65,760143
2011-12-29,7.62,7.69,7.5,7.6,426600
2011-12-30,7.5,7.73,7.5,7.71,780920
2012-01-02,7.27,7.7,7.25,7.7,434604
2012-01-03,7.4,7.54,7.35,7.4,532957
2012-01-04,7.33,7.5,7.31,7.41,548848
2012-01-05,7.33,7.48,7.27,7.48,425282
2012-01-06,7.34,7.43,7.3,7.33,557755
2012-01-09,7.29,7.34,7.24,7.34,419309
2012-01-10,7.4,7.41,7.31,7.33,381648
2012-01-11,7.37,7.48,7.35,7.4,417771
2012-01-12,7.33,7.4,7.3,7.38,532632
2012-01-13,7.21,7.4,7.21,7.33,615400
2012-01-16,7.35,7.55,7.35,7.55,596797
2012-01-17,7.59,7.7,7.38,7.46,920954
2012-01-18,7.65,0.00,0.00,0.00,0
2012-01-30,7.85,7.99,7.8,7.95,928361
2012-01-31,7.95,8.07,7.78,7.98,1078416
2012-02-01,8.26,8.28,7.95,7.95,1487249
2012-02-02,8.6,8.72,8.36,8.36,2453646
2012-02-03,8.52,8.65,8.4,8.65,1613917
2012-02-06,8.6,8.78,8.58,8.68,1177293
2012-02-07,8.52,8.67,8.51,8.6,703363
2012-02-08,8.73,8.78,8.6,8.6,1063251
2012-02-09,8.83,8.93,8.68,8.73,1660002
2012-02-10,8.94,9.14,8.7,8.91,1991507
2012-02-13,9.15,9.22,8.94,8.94,1407000
2012-02-14,9,9.12,8.81,9.12,1485000
2012-02-15,9,9.14,8.98,8.98,1085000
2012-02-16,8.8,9.06,8.76,9,878000
2012-02-17,8.76,8.96,8.72,8.81,773000
2012-02-20,8.95,8.99,8.9,8.95,932000
2012-02-21,8.95,9.1,8.93,9,1004000
2012-02-22,9.04,9.18,8.85,8.85,961000
2012-02-23,9.08,9.3,9.07,9.1,1247000
2012-02-24,8.9,9.1,8.88,9.08,1042000
2012-02-29,8.95,9.13,8.94,9.13,1017000
2012-03-01,8.98,9.08,8.95,9.08,408000
2012-03-02,9.07,9.1,9,9.07,753000
2012-03-03,9.13,9.14,9.03,9.03,831000
2012-03-05,9.08,9.17,9,9.15,633000
2012-03-06,8.92,9.13,8.87,9.13,796000
2012-03-07,8.81,8.9,8.6,8.79,832000
2012-03-08,8.96,9.06,8.88,8.88,419000
2012-03-09,8.94,8.99,8.9,8.96,639000
2012-03-12,8.95,9.04,8.9,8.98,754000
2012-03-13,8.99,9.04,8.92,9,462000
2012-03-14,9.06,9.12,9,9.1,824000
2012-03-15,9.02,9.15,9.02,9.07,369000
2012-03-16,9.08,9.17,9.07,9.07,1357000
2012-03-19,9.11,9.2,9.03,9.2,485000
2012-03-20,9.07,9.15,9,9.1,468000
2012-03-21,9.35,9.48,9.18,9.18,2392000
2012-03-22,9.35,9.43,9.33,9.4,1155000
2012-03-23,9.51,9.57,9.35,9.38,1302000
2012-03-26,9.7,9.83,9.52,9.6,2603000
2012-03-27,9.56,9.78,9.53,9.76,1225000
2012-03-28,9.57,9.68,9.56,9.58,741000
2012-03-29,9.1,9.5,8.95,9.5,1778000
2012-03-30,9.13,9.19,8.91,9,697000
2012-04-02,9.09,9.17,9.05,9.1,309000
2012-04-03,8.8,9.16,8.65,9.1,1182000
2012-04-05,8.7,8.78,8.3,8.55,1124000
2012-04-06,8.78,9.02,8.7,8.75,924000
2012-04-09,8.87,8.89,8.7,8.78,358000
2012-04-10,9.13,9.14,8.85,8.85,957000
2012-04-11,9.12,9.14,8.96,9.05,723000
2012-04-12,9.1,9.18,9.03,9.18,419000
2012-04-13,9.3,9.34,9.16,9.2,1609000
2012-04-16,9.32,9.58,9.26,9.36,1471000
2012-04-17,9.17,9.38,9.11,9.32,723000
2012-04-18,9.11,9.29,9.03,9.25,595000
2012-04-19,9.09,9.1,8.94,9.03,325000
2012-04-20,8.95,9.14,8.83,9.05,509000
2012-04-23,8.87,9,8.64,8.95,613000
2012-04-24,8.87,9,8.7,8.8,341000
2012-04-25,8.93,8.99,8.88,8.95,400000
2012-04-26,8.98,9.06,8.89,8.95,465000
2012-04-27,8.97,9.02,8.82,8.95,331000
2012-04-30,9,9.04,8.84,8.94,329000
2012-05-02,8.99,9.01,8.9,8.9,1611000
2012-05-03,8.96,9,8.88,8.98,398000
2012-05-04,8.99,9.05,8.9,8.92,1056000
2012-05-07,8.97,8.97,8.88,8.9,404000
2012-05-08,9.4,9.4,8.91,8.97,1663000
2012-05-09,9.4,9.5,9.25,9.38,7018000
2012-05-10,9.27,9.38,9.18,9.38,1140000
2012-05-11,9.25,9.25,9.02,9.23,816000
2012-05-14,9.15,9.28,9.1,9.27,634000
2012-05-15,9.1,9.17,9.03,9.07,468000
2012-05-16,8.9,9.08,8.9,9.08,773000
2012-05-17,8.91,8.97,8.81,8.97,630000
2012-05-18,8.5,8.83,8.5,8.83,1522000
2012-05-21,8.52,8.6,8.45,8.45,399000
2012-05-22,8.61,8.65,8.57,8.65,340000
2012-05-23,8.47,8.6,8.46,8.6,258000
2012-05-24,8.2,8.5,8.1,8.5,681000
2012-05-25,8.2,8.32,8.16,8.2,386000
2012-05-28,8.21,8.22,8.09,8.15,199000
2012-05-29,8.68,8.78,8.25,8.25,1269000
2012-05-30,8.56,8.61,8.5,8.61,441000
2012-05-31,8.59,8.59,8.4,8.47,307000
2012-06-01,8.43,8.57,8.39,8.57,270000
2012-06-04,8.01,8.3,7.9,8.3,577000
2012-06-05,8.22,8.25,8.12,8.18,328000
2012-06-06,8.38,8.45,8.22,8.22,417000
2012-06-07,8.35,8.52,8.35,8.45,370000
2012-06-08,8.31,8.44,8.31,8.4,106000
2012-06-11,8.55,8.55,8.42,8.51,351000
2012-06-12,8.54,8.54,8.42,8.5,271000
2012-06-13,8.62,8.63,8.5,8.56,430000
2012-06-14,8.59,8.61,8.52,8.6,142000
2012-06-15,8.65,8.65,8.58,8.6,426000
2012-06-18,8.78,8.85,8.67,8.68,505000
2012-06-19,8.75,8.8,8.67,8.78,385000
2012-06-20,8.8,8.82,8.75,8.8,542000
2012-06-21,8.79,8.83,8.7,8.73,376000
2012-06-22,8.95,8.95,8.7,8.7,608000
2012-06-25,8.91,8.96,8.86,8.94,520000
2012-06-26,8.81,8.88,8.76,8.83,547000
2012-06-27,8.84,8.9,8.7,8.7,335000
2012-06-28,8.9,8.93,8.84,8.88,446000
2012-06-29,8.91,8.93,8.86,8.89,438000
2012-07-02,9.08,9.22,8.91,8.93,973000
2012-07-03,9.12,9.18,9.01,9.08,497000
2012-07-04,9.12,9.19,9.06,9.12,624000
2012-07-05,9.12,9.14,9.08,9.14,437000
2012-07-06,9.09,9.12,8.95,9.08,388000
2012-07-09,9.05,9.05,8.61,8.61,262000
2012-07-10,9.03,9.09,8.93,9,402000
2012-07-11,9.05,9.06,8.85,8.85,289000
2012-07-12,8.95,9.05,8.91,9.05,361000
2012-07-13,9.05,9.14,8.96,9.1,841000
2012-07-16,9.03,9.07,8.96,9.05,367000
2012-07-17,9.05,9.07,8.9,9,713000
2012-07-18,8.97,9.1,8.95,9,784000
2012-07-19,9.01,9.09,8.98,9.02,436000
2012-07-20,9.02,9.03,8.98,9.01,337000
2012-07-23,9.01,9.05,8.95,9.05,487000
2012-07-24,9,9.02,8.93,8.93,293000
2012-07-25,8.99,9.03,8.95,8.95,458000
2012-07-26,8.98,9.05,8.95,9.05,262000
2012-07-27,8.98,9.03,8.96,9,929000
2012-07-30,8.99,9.1,8.97,9.01,1275000
2012-07-31,8.32,8.34,8.26,8.27,1053000
2012-08-01,8.3,8.34,8.27,8.34,481000
2012-08-03,8.2,8.28,8.08,8.27,568000
2012-08-06,8.2,8.27,8.13,8.25,582000
2012-08-07,8.22,8.25,8.16,8.17,716000
2012-08-08,8.22,8.24,8.2,8.23,387000
2012-08-09,8.3,8.32,8.18,8.22,1048000
2012-08-10,8.3,8.31,8.24,8.3,433000
2012-08-13,8.28,8.29,8.18,8.22,864000
2012-08-14,8.28,8.3,8.13,8.19,703000
2012-08-15,8.27,8.3,8.18,8.18,526000
2012-08-16,8.35,8.35,8.2,8.2,1537000
2012-08-17,8.45,8.59,8.34,8.35,1642000
2012-08-20,8.4,8.49,8.27,8.45,822000
2012-08-21,8.39,8.43,8.35,8.4,406000
2012-08-22,8.33,8.41,8.28,8.41,687000
2012-08-23,8.33,8.37,8.23,8.3,853000
2012-08-24,8.32,8.38,8.27,8.34,240000
2012-08-27,8.3,8.37,8.27,8.33,349000
2012-08-28,8.21,8.37,8.2,8.32,787000
2012-08-29,8.21,8.26,8.19,8.21,226000
2012-08-30,8.15,8.23,8.13,8.22,432000
2012-08-31,8.15,8.26,8.11,8.15,770000
2012-09-03,8.36,8.36,8.15,8.15,783000
2012-09-04,8.38,8.45,8.33,8.39,827000
2012-09-05,8.52,8.52,8.28,8.38,1218000
2012-09-06,8.57,8.73,8.5,8.6,1389000
2012-09-07,8.78,8.78,8.59,8.62,1058000
2012-09-10,8.89,8.94,8.73,8.8,1623000
2012-09-11,8.68,8.89,8.63,8.89,926000
2012-09-12,8.69,8.74,8.62,8.68,886000
2012-09-13,8.6,8.68,8.54,8.66,516000
2012-09-14,8.68,8.79,8.65,8.65,826000
2012-09-17,8.72,8.74,8.65,8.69,1011000
2012-09-18,8.72,8.74,8.65,8.7,528000
2012-09-19,8.94,8.97,8.66,8.66,1311000
2012-09-20,8.8,8.99,8.73,8.94,773000
2012-09-21,8.82,8.87,8.75,8.8,552000
2012-09-24,8.81,8.89,8.62,8.84,1133000
2012-09-25,8.77,8.87,8.63,8.75,575000
2012-09-26,8.69,8.77,8.61,8.76,835000
2012-09-27,8.78,8.88,8.65,8.65,1155000
2012-09-28,8.75,8.84,8.65,8.71,608000
2012-10-01,8.72,8.78,8.65,8.75,656000
2012-10-02,8.75,8.77,8.69,8.75,519000
2012-10-03,8.76,8.77,8.65,8.74,848000
2012-10-04,8.8,8.82,8.72,8.75,824000
2012-10-05,8.8,8.9,8.74,8.8,713000
2012-10-08,8.7,8.86,8.62,8.86,468000
2012-10-09,8.68,8.74,8.27,8.27,1149000
2012-10-11,8.53,8.6,8.4,8.58,753000
2012-10-12,8.46,8.55,8.39,8.55,775000
2012-10-15,8.42,8.52,8.31,8.4,822000
2012-10-16,8.66,8.74,8.42,8.47,1179000
2012-10-17,8.65,8.7,8.6,8.67,579000
2012-10-18,8.7,8.7,8.56,8.68,515000
2012-10-19,8.59,8.7,8.53,8.64,409000
2012-10-22,8.5,8.5,8.4,8.5,201000
2012-10-23,8.51,8.52,8.38,8.46,336000
2012-10-24,8.48,8.54,8.42,8.45,240000
2012-10-25,8.4,8.48,8.33,8.4,412000
2012-10-26,8.14,8.41,8.01,8.41,846000
2012-10-29,8.05,8.24,8.02,8.02,398000
2012-10-30,8.13,8.2,8.02,8.02,402000
2012-10-31,8.09,8.15,8.01,8.13,473000
2012-11-01,8.08,8.13,7.91,8.05,522000
2012-11-02,8.19,8.24,8.01,8.01,564000
2012-11-05,8.17,8.18,8.04,8.16,223000
2012-11-06,8.13,8.17,8.05,8.1,318000
2012-11-07,8.4,8.57,8.13,8.13,1078000
2012-11-08,8.31,8.32,8.2,8.2,315000
2012-11-09,8.4,8.42,8.22,8.25,469000
2012-11-12,8.55,8.58,8.4,8.5,748000
2012-11-13,8.44,8.55,8.36,8.45,435000
2012-11-14,8.45,8.51,8.4,8.48,243000
2012-11-15,8.44,8.48,8.34,8.35,195000
2012-11-16,8.44,8.49,8.21,8.21,403000
2012-11-19,8.38,8.45,8.26,8.41,234000
2012-11-20,8.25,8.42,8.2,8.38,334000
2012-11-21,8.23,8.34,8.14,8.34,431000
2012-11-22,8.23,8.3,8.16,8.28,155000
2012-11-23,8.29,8.33,8.23,8.28,386000
2012-11-26,8.4,8.44,8.3,8.3,411000
2012-11-27,8.38,8.41,8.33,8.34,219000
2012-11-28,8.39,8.44,8.31,8.33,296000
2012-11-29,8.37,8.48,8.36,8.39,379000
2012-11-30,8.56,8.56,8.31,8.39,542000
2012-12-03,8.46,8.55,8.4,8.46,721000
2012-12-04,8.42,8.48,8.35,8.48,373000
2012-12-05,8.42,8.45,8.35,8.42,513000
2012-12-06,8.43,8.54,8.39,8.43,1937000
2012-12-07,8.4,8.47,8.33,8.43,855000
2012-12-10,8.29,8.41,8.26,8.41,588000
2012-12-11,8.28,8.36,8.22,8.27,560000
2012-12-12,8.27,8.34,8.24,8.27,464000
2012-12-13,8.32,8.39,8.27,8.31,603000
2012-12-14,8.21,8.33,8.21,8.33,550000
2012-12-17,8.35,8.49,8.21,8.21,1504000
2012-12-18,8.34,8.4,8.31,8.36,665000
2012-12-19,8.38,8.43,8.32,8.42,872000
2012-12-20,8.32,8.36,8.3,8.36,214000
2012-12-21,8.23,8.36,8.22,8.36,413000
2012-12-22,8.29,8.32,8.24,8.25,272000
2012-12-24,8.3,8.41,8.29,8.33,269000
2012-12-25,8.43,8.52,8.3,8.3,1761000
2012-12-26,8.59,8.75,8.43,8.49,3459000
2012-12-27,8.5,8.65,8.47,8.56,872000
2012-12-28,8.61,8.61,8.47,8.6,854000
2013-01-02,8.72,8.89,8.65,8.69,1586000
2013-01-03,8.73,8.84,8.72,8.75,1078000
2013-01-04,8.82,8.96,8.71,8.73,2287000
2013-01-07,8.85,8.97,8.82,8.82,1712000
2013-01-08,8.69,8.9,8.65,8.85,777000
2013-01-09,8.8,8.87,8.65,8.65,1589000
2013-01-10,8.87,8.97,8.82,8.85,1343000
2013-01-11,8.8,8.92,8.74,8.9,1123000
2013-01-14,8.73,8.8,8.71,8.75,1286000
2013-01-15,8.72,8.83,8.67,8.73,1505000
2013-01-16,8.6,8.75,8.6,8.72,713000
2013-01-17,8.3,8.68,8.24,8.6,1929000
2013-01-18,8.35,8.52,8.35,8.41,1019000
2013-01-21,8.4,8.47,8.34,8.43,490000
2013-01-22,8.41,8.46,8.39,8.41,441000
2013-01-23,8.4,8.45,8.38,8.41,297000
2013-01-24,8.33,8.41,8.3,8.41,379000
2013-01-25,8.35,8.4,8.33,8.35,199000
2013-01-28,8.35,8.36,8.32,8.35,267000
2013-01-29,8.39,8.39,8.35,8.36,357000
2013-01-30,8.4,8.45,8.37,8.39,339000
2013-01-31,8.36,8.41,8.36,8.39,141000
2013-02-01,8.35,8.44,8.33,8.36,472000
2013-02-04,8.41,8.44,8.36,8.36,712000
2013-02-05,8.44,8.5,8.41,8.44,653000
2013-02-06,8.41,8.52,8.4,8.52,744000
2013-02-18,8.41,8.5,8.41,8.5,861000
2013-02-19,8.55,8.56,8.46,8.49,1388000
2013-02-20,8.78,8.82,8.59,8.6,2330000
2013-02-21,8.63,8.76,8.62,8.76,787000
2013-02-22,8.64,8.72,8.53,8.63,1016000
2013-02-25,8.61,8.71,8.6,8.7,714000
2013-02-26,8.57,8.63,8.51,8.59,541000
2013-02-27,8.56,8.6,8.54,8.6,553000
2013-03-01,8.59,8.68,8.55,8.58,768000
2013-03-04,8.52,8.69,8.52,8.69,1032000
2013-03-05,8.54,8.57,8.53,8.54,373000
2013-03-06,8.57,8.62,8.54,8.6,380000
2013-03-07,8.54,8.61,8.54,8.59,1208000
2013-03-08,8.58,8.6,8.55,8.57,482000
2013-03-11,8.73,8.85,8.64,8.65,2187000
2013-03-12,8.65,8.76,8.64,8.73,952000
2013-03-13,8.63,8.74,8.59,8.69,546000
2013-03-14,8.63,8.7,8.63,8.68,426000
2013-03-15,8.61,8.69,8.6,8.64,405000
2013-03-18,8.49,8.61,8.47,8.61,797000
2013-03-19,8.51,8.54,8.5,8.5,516000
2013-03-20,8.52,8.59,8.5,8.59,395000
2013-03-21,8.54,8.61,8.52,8.54,803000
2013-03-22,8.53,8.6,8.5,8.51,995000
2013-03-25,8.63,8.66,8.53,8.53,1013000
2013-03-26,8.82,8.95,8.68,8.68,2354000
2013-03-27,8.86,8.92,8.79,8.81,1790000
2013-03-28,8.86,8.94,8.84,8.9,1731000
2013-03-29,9,9,8.82,8.92,1538000
2013-04-01,9.05,9.1,9.03,9.07,2076000
2013-04-02,9,9.1,9,9.05,1329000
2013-04-03,9.02,9.06,9,9.02,1252000
2013-04-08,8.71,8.88,8.63,8.88,1143000
2013-04-09,8.8,8.83,8.71,8.71,716000
2013-04-10,8.78,8.92,8.77,8.81,1274000
2013-04-11,8.84,8.9,8.8,8.8,758000
2013-04-12,8.84,8.85,8.78,8.85,1509000
2013-04-15,8.83,8.89,8.81,8.84,947000
2013-04-16,8.77,8.79,8.63,8.65,615000
2013-04-17,8.82,8.85,8.78,8.8,587000
2013-04-18,8.83,8.85,8.79,8.81,870000
2013-04-19,8.85,8.9,8.81,8.88,884000
2013-04-22,8.86,8.91,8.8,8.8,1185000
2013-04-23,8.89,8.92,8.85,8.86,332000
2013-04-24,8.97,8.97,8.91,8.95,1008000
2013-04-25,8.93,8.99,8.84,8.98,695000
2013-04-26,8.93,8.95,8.87,8.94,368000
2013-04-29,8.98,8.98,8.88,8.94,671000
2013-04-30,9,9.01,8.91,9,449000
2013-05-02,9.01,9.04,8.93,9,337000
2013-05-03,8.92,9,8.9,9,383000
2013-05-06,8.91,8.98,8.89,8.92,404000
2013-05-07,8.93,8.94,8.89,8.94,147000
2013-05-08,8.93,8.95,8.88,8.94,350000
2013-05-09,8.8,9.02,8.6,9.02,533000
2013-05-10,8.84,8.95,8.84,8.85,638000
2013-05-13,9.06,9.06,8.88,8.9,1469000
2013-05-14,9.06,9.25,9.03,9.1,1200000
2013-05-15,9.15,9.15,9.06,9.1,631000
2013-05-16,9.15,9.23,9.14,9.15,912000
2013-05-17,9.15,9.15,9.06,9.15,778000
2013-05-20,9.15,9.24,9.15,9.15,833000
2013-05-21,9.15,9.27,9.14,9.17,1761000
2013-05-22,9.27,9.5,9.2,9.2,2142000
2013-05-23,9.12,9.39,9.12,9.39,990000
2013-05-24,9.05,9.19,9.03,9.07,624000
2013-05-27,9.16,9.22,9.03,9.03,1400000
2013-05-28,9.17,9.28,9.15,9.15,509000
2013-05-29,9.17,9.28,9.16,9.25,512000
2013-05-30,9.13,9.29,9.12,9.26,1324000
2013-05-31,9.16,9.25,9.16,9.25,771000
2013-06-03,9.12,9.18,9.1,9.15,462000
2013-06-04,9.14,9.27,9.1,9.13,685000
2013-06-05,9.15,9.36,9.14,9.14,1321000
2013-06-06,9.27,9.49,9.15,9.15,2003000
2013-06-07,9.22,9.48,9.2,9.48,913000
2013-06-10,9.13,9.3,9.13,9.25,689000
2013-06-11,9.08,9.21,9.05,9.13,644000
2013-06-13,8.98,9.08,8.9,9.08,729000
2013-06-14,8.99,9.05,8.84,9.05,667000
2013-06-17,8.9,8.99,8.87,8.88,835000
2013-06-18,8.99,9,8.89,8.9,390000
2013-06-19,8.88,9.05,8.88,9.03,433000
2013-06-20,8.88,8.94,8.81,8.88,769000
2013-06-21,8.9,8.9,8.56,8.56,487000
2013-06-24,9,9.01,8.88,8.93,433000
2013-06-25,8.98,9.03,8.89,8.92,578000
2013-06-26,8.98,9.05,8.76,9,563000
2013-06-27,8.83,9,8.83,8.97,427000
2013-06-28,8.85,8.95,8.84,8.95,304000
2013-07-01,8.93,8.93,8.85,8.85,296000
2013-07-02,8.93,9.02,8.9,9.02,277000
2013-07-03,8.98,8.98,8.83,8.91,571000
2013-07-04,8.98,9,8.88,8.95,280000
2013-07-05,8.98,9.03,8.92,9,560000
2013-07-08,8.91,8.99,8.91,8.99,346000
2013-07-09,8.9,8.93,8.88,8.91,247000
2013-07-10,8.91,8.97,8.9,8.92,156000
2013-07-11,9.02,9.07,8.91,8.91,508000
2013-07-12,9,9.1,8.95,9.1,160000
2013-07-15,9,9.1,8.97,9,284000
2013-07-16,9,9.08,9,9.05,270000
2013-07-17,9,9.08,8.97,9,1010000
2013-07-18,9,9.09,8.99,9.04,570000
2013-07-19,9.25,9.25,8.98,9,547000
2013-07-22,9.11,9.18,9.06,9.18,381000
2013-07-23,9.08,9.12,9.07,9.07,410000
2013-07-24,9.06,9.16,9.06,9.08,566000
2013-07-25,9.04,9.13,9.04,9.04,187000
2013-07-26,9.06,9.12,9.04,9.05,135000
2013-07-29,8.96,9.1,8.96,9.1,419000
2013-07-30,8.96,9.07,8.94,8.96,244000
2013-07-31,8.97,9.1,8.96,9.1,290000
2013-08-01,8.95,9.02,8.95,9.01,194000
2013-08-02,8.98,9.05,8.97,9.05,151000
2013-08-05,9,9.01,8.97,8.98,350000
2013-08-06,8.93,9.05,8.93,9.04,296000
2013-08-07,8.87,8.96,8.87,8.92,227000
2013-08-08,8.87,8.95,8.86,8.9,162000
2013-08-09,8.81,8.9,8.81,8.89,497000
2013-08-12,8.91,8.96,8.84,8.84,475000
2013-08-13,9.02,9.02,8.95,9,616000
2013-08-14,8.83,9.05,8.74,9.05,1673000
2013-08-15,8.3,8.39,8.22,8.22,2895000
2013-08-16,8.14,8.2,8.01,8.01,1171000
2013-08-19,8.1,8.18,8.1,8.15,546000
2013-08-20,7.97,8.08,7.97,8.05,819000
2013-08-22,8,8.03,7.89,7.9,544000
2013-08-23,8.03,8.06,8,8,238000
2013-08-26,7.94,8.05,7.94,8.05,238000
2013-08-27,7.82,7.95,7.81,7.95,405000
2013-08-28,7.88,7.9,7.8,7.82,141000
2013-08-29,7.9,7.92,7.85,7.88,267000
2013-08-30,7.89,7.92,7.84,7.9,350000
2013-09-02,7.84,7.9,7.82,7.89,280000
2013-09-03,7.82,7.87,7.82,7.84,486000
2013-09-04,7.82,7.87,7.8,7.82,285000
2013-09-05,7.82,7.89,7.81,7.88,214000
2013-09-06,7.83,7.87,7.81,7.83,296000
2013-09-09,7.89,7.94,7.85,7.85,272000
2013-09-10,7.87,7.96,7.87,7.9,440000
2013-09-11,7.91,7.96,7.9,7.9,300000
2013-09-12,7.98,8.05,7.91,7.91,345000
2013-09-13,8.01,8.03,7.97,7.98,413000
2013-09-16,8.05,8.12,8.03,8.08,354000
2013-09-17,8.05,8.1,8.03,8.05,429000
2013-09-18,8.1,8.1,8.05,8.05,662000
2013-09-23,8.17,8.2,8.11,8.11,1412000
2013-09-24,7.77,7.8,7.72,7.8,593000
2013-09-25,7.78,7.8,7.77,7.78,261000
2013-09-26,7.81,7.81,7.77,7.78,239000
2013-09-27,8,8,7.73,7.81,587000
2013-09-30,7.82,7.9,7.82,7.9,240000
2013-10-01,7.82,7.87,7.81,7.82,172000
2013-10-02,7.74,7.85,7.74,7.82,437000
2013-10-03,7.78,7.81,7.74,7.74,163000
2013-10-04,7.78,7.85,7.78,7.8,218000
2013-10-07,7.79,7.84,7.66,7.7,461000
2013-10-08,7.93,8.05,7.75,7.79,1113000
2013-10-09,7.85,7.99,7.81,7.95,500000
2013-10-11,7.84,7.98,7.84,7.98,385000
2013-10-14,7.85,7.85,7.82,7.84,250000
2013-10-15,7.92,7.92,7.8,7.85,584000
2013-10-16,7.95,7.96,7.88,7.92,362000
2013-10-17,7.94,8.01,7.94,8,252000
2013-10-18,7.94,8,7.92,8,313000
2013-10-21,7.91,7.99,7.9,7.99,221000
2013-10-22,7.89,7.92,7.88,7.92,194000
2013-10-23,7.83,7.94,7.83,7.88,423000
2013-10-24,7.83,7.85,7.79,7.83,240000
2013-10-25,7.92,7.92,7.79,7.83,165000
2013-10-28,7.86,7.92,7.84,7.92,148000
2013-10-29,7.82,7.9,7.82,7.86,189000
2013-10-30,7.83,7.88,7.77,7.82,420000
2013-10-31,7.77,7.84,7.75,7.82,377000
2013-11-01,7.71,7.8,7.71,7.77,215000
2013-11-04,7.57,7.71,7.57,7.71,466000
2013-11-05,7.57,7.66,7.55,7.57,179000
2013-11-06,7.5,7.58,7.5,7.57,290000
2013-11-07,7.54,7.6,7.5,7.5,195000
2013-11-08,7.5,7.55,7.5,7.52,170000
2013-11-11,7.44,7.55,7.44,7.5,498000
2013-11-12,7.41,7.5,7.39,7.5,315000
2013-11-13,7.39,7.43,7.32,7.4,143000
2013-11-14,7.42,7.47,7.35,7.38,343000
2013-11-15,7.47,7.72,7.45,7.45,376000
2013-11-18,7.51,7.58,7.48,7.58,288000
2013-11-19,7.51,7.59,7.48,7.51,214000
2013-11-20,7.59,7.61,7.55,7.55,182000
2013-11-21,7.5,7.6,7.5,7.59,129000
2013-11-22,7.5,7.59,7.48,7.59,186000
2013-11-25,7.51,7.56,7.5,7.5,86000
2013-11-26,7.52,7.58,7.5,7.5,176000
2013-11-27,7.52,7.69,7.52,7.69,182000
2013-11-28,7.51,7.55,7.51,7.52,137000
2013-11-29,7.55,7.6,7.51,7.52,247000
2013-12-02,7.59,7.59,7.52,7.55,92000
2013-12-03,7.6,7.61,7.55,7.56,153000
2013-12-04,7.63,7.65,7.6,7.6,99000
2013-12-05,7.58,7.65,7.56,7.65,106000
2013-12-06,7.58,7.58,7.51,7.58,241000
2013-12-09,7.52,7.55,7.51,7.55,300000
2013-12-10,7.53,7.55,7.5,7.54,262000
2013-12-11,7.52,7.57,7.5,7.55,92000
2013-12-12,7.53,7.53,7.48,7.5,168000
2013-12-13,7.5,7.54,7.5,7.5,82000
2013-12-16,7.53,7.53,7.49,7.5,111000
2013-12-17,7.46,7.53,7.45,7.46,239000
2013-12-18,7.46,7.59,7.46,7.46,158000
2013-12-19,7.48,7.54,7.46,7.49,72000
2013-12-20,7.47,7.52,7.47,7.5,144000
2013-12-23,7.46,7.48,7.45,7.48,217000
2013-12-24,7.44,7.5,7.44,7.5,157000
2013-12-25,7.44,7.45,7.42,7.44,219000
2013-12-26,7.48,7.5,7.42,7.44,282000
2013-12-27,7.47,7.49,7.45,7.48,183000
2013-12-30,7.47,7.52,7.47,7.47,234000
2013-12-31,7.51,7.51,7.47,7.47,194000
2014-01-02,7.5,7.54,7.5,7.5,330000
2014-01-03,7.57,7.6,7.52,7.56,502000
2014-01-06,7.52,7.57,7.49,7.57,321000
2014-01-07,7.62,7.63,7.52,7.52,477000
2014-01-08,7.68,7.77,7.62,7.62,843000
2014-01-09,7.64,7.74,7.64,7.74,586000
2014-01-10,7.69,7.72,7.64,7.71,413000
2014-01-13,7.76,7.86,7.75,7.75,731000
2014-01-14,7.69,7.8,7.67,7.8,349000
2014-01-15,7.72,7.79,7.69,7.79,318000
2014-01-16,7.69,7.75,7.69,7.73,245000
2014-01-17,7.68,7.7,7.68,7.68,92000
2014-01-20,7.67,7.7,7.61,7.61,127000
2014-01-21,7.71,7.72,7.65,7.67,199000
2014-01-22,7.66,7.7,7.64,7.7,99000
2014-01-23,7.63,7.7,7.62,7.67,280000
2014-01-24,7.62,7.65,7.6,7.63,272000
2014-01-27,7.57,7.62,7.55,7.62,658000
2014-02-05,7.55,7.61,7.52,7.56,670000
2014-02-06,7.57,7.59,7.54,7.56,176000
2014-02-07,7.6,7.68,7.55,7.55,407000
2014-02-10,7.55,7.68,7.55,7.6,252000
2014-02-11,7.6,7.68,7.57,7.57,337000
2014-02-12,7.65,7.66,7.6,7.61,309000
2014-02-13,7.66,7.69,7.64,7.66,154000
2014-02-14,7.67,7.75,7.66,7.67,286000
2014-02-17,7.7,7.71,7.63,7.68,319000
2014-02-18,7.68,7.73,7.64,7.7,189000
2014-02-19,7.65,7.71,7.64,7.65,335000
2014-02-20,7.74,7.77,7.65,7.65,510000
2014-02-21,7.75,7.83,7.71,7.83,223000
2014-02-24,7.76,7.82,7.76,7.8,236000
2014-02-25,7.76,7.8,7.76,7.76,190000
2014-02-26,7.76,7.8,7.71,7.78,446000
2014-02-27,7.76,7.8,7.75,7.77,144000
2014-03-03,7.73,7.78,7.72,7.78,365000
2014-03-04,7.68,7.72,7.67,7.72,488000
2014-03-05,7.73,7.79,7.7,7.7,215000
2014-03-06,7.72,7.76,7.71,7.73,175000
2014-03-07,7.69,7.73,7.65,7.73,215000
2014-03-10,7.64,7.72,7.62,7.65,179000
2014-03-11,7.68,7.71,7.65,7.67,184000
2014-03-12,7.68,7.7,7.66,7.67,174000
2014-03-13,7.68,7.69,7.67,7.68,136000
2014-03-14,7.64,7.66,7.64,7.65,135000
2014-03-17,7.68,7.72,7.65,7.65,343000
2014-03-18,7.69,7.72,7.68,7.72,259000
2014-03-19,7.66,7.71,7.66,7.69,397000
2014-03-20,7.63,7.66,7.63,7.63,149000
2014-03-21,7.7,7.71,7.62,7.62,142000
2014-03-24,7.63,7.66,7.6,7.6,100000
2014-03-25,7.7,7.7,7.63,7.65,122000
2014-03-26,7.8,7.81,7.7,7.7,234000
2014-03-27,7.77,7.86,7.77,7.8,151000
2014-03-28,7.76,7.87,7.76,7.87,220000
2014-03-31,7.85,7.88,7.75,7.76,439000
2014-04-01,7.85,7.93,7.83,7.9,380000
2014-04-02,7.86,7.89,7.85,7.88,449000
2014-04-03,7.9,7.9,7.86,7.86,381000
2014-04-07,7.88,7.88,7.78,7.78,249000
2014-04-08,7.8,7.88,7.78,7.88,515000
2014-04-09,7.88,7.88,7.78,7.81,275000
2014-04-10,7.88,7.88,7.82,7.86,253000
2014-04-11,7.85,7.85,7.83,7.85,81000
2014-04-14,7.79,7.81,7.78,7.81,95000
2014-04-15,7.85,7.97,7.8,7.89,230000
2014-04-16,7.85,7.89,7.85,7.88,172000
2014-04-17,7.91,7.91,7.84,7.85,370000
2014-04-18,8.1,8.1,7.88,7.92,1274000
2014-04-21,8.25,8.36,8.15,8.17,1567000
2014-04-22,8.23,8.32,8.21,8.29,604000
2014-04-23,8,8.24,8,8.23,826000
2014-04-24,7.95,8.05,7.95,8,562000
2014-04-25,7.94,8,7.68,7.95,454000
2014-04-28,7.81,7.89,7.75,7.89,240000
2014-04-29,7.85,7.9,7.8,7.84,254000
2014-04-30,7.82,7.85,7.78,7.85,218000
2014-05-02,7.77,7.84,7.76,7.8,212000
2014-05-05,7.78,7.85,7.7,7.79,371000
2014-05-06,7.78,7.82,7.75,7.78,118000
2014-05-07,7.76,7.85,7.75,7.78,271000
2014-05-08,7.77,7.8,7.75,7.77,190000
2014-05-09,7.83,7.83,7.76,7.77,84000
2014-05-12,7.75,7.83,7.75,7.83,119000
2014-05-13,7.77,7.8,7.73,7.77,85000
2014-05-14,7.77,7.77,7.69,7.71,181000
2014-05-15,8.05,8.11,7.92,7.92,1357000
2014-05-16,8.03,8.09,7.98,8.07,619000
2014-05-19,8.1,8.17,8.03,8.05,561000
2014-05-20,8.1,8.13,8.06,8.12,219000
2014-05-21,8.01,8.13,8,8.1,417000
2014-05-22,8.1,8.11,8.04,8.09,436000
2014-05-23,8.06,8.11,8.05,8.05,182000
2014-05-26,8.05,8.11,8.03,8.07,280000
2014-05-27,8.03,8.06,8.01,8.06,301000
2014-05-28,8.04,8.08,8.01,8.03,259000
2014-05-29,8.06,8.09,8.02,8.09,266000
2014-05-30,8.07,8.1,8.05,8.05,262000
2014-06-03,8.05,8.07,8.02,8.02,256000
2014-06-04,8.05,8.08,8.03,8.03,278000
2014-06-05,8.03,8.07,8.03,8.05,232000
2014-06-06,8.05,8.05,8.01,8.03,269000
2014-06-09,8.05,8.1,8.04,8.05,184000
2014-06-10,8.13,8.15,8.05,8.05,678000
2014-06-11,8.17,8.19,8.13,8.15,376000
2014-06-12,8.24,8.24,8.15,8.16,620000
2014-06-13,8.2,8.22,8.16,8.22,259000
2014-06-16,8.17,8.2,8.15,8.2,184000
2014-06-17,8.19,8.2,8.16,8.19,174000
2014-06-18,8.19,8.23,8.19,8.2,295000
2014-06-19,8.2,8.22,8.19,8.2,171000
2014-06-20,8.16,8.21,8.13,8.2,309000
2014-06-23,8.13,8.22,8.13,8.16,340000
2014-06-24,8.18,8.22,8.15,8.19,76000
2014-06-25,8.16,8.17,8.15,8.15,161000
2014-06-26,8.18,8.22,8.16,8.16,335000
2014-06-27,8.17,8.21,8.17,8.21,227000
2014-06-30,8.19,8.26,8.17,8.17,474000
2014-07-01,8.2,8.21,8.19,8.2,396000
2014-07-02,8.2,8.25,8.19,8.2,405000
2014-07-03,8.21,8.24,8.19,8.21,353000
2014-07-04,8.2,8.23,8.19,8.21,211000
2014-07-07,8.16,8.21,8.14,8.21,215000
2014-07-08,8.27,8.47,8.13,8.19,293000
2014-07-09,8.21,8.26,8.18,8.26,210000
2014-07-10,8.21,8.26,8.19,8.21,284000
2014-07-11,8.16,8.26,8.16,8.21,382000
2014-07-14,8.17,8.2,8.16,8.17,139000
2014-07-15,8.19,8.23,8.17,8.18,196000
2014-07-16,8.16,8.22,8.15,8.21,309000
2014-07-17,8.17,8.21,8.17,8.2,217000
2014-07-18,8.21,8.25,8.18,8.18,141000
2014-07-21,8.18,8.24,8.18,8.23,136000
2014-07-22,8.21,8.24,8.17,8.2,240000
2014-07-24,8.21,8.24,8.17,8.21,82000
2014-07-25,8.2,8.22,8.2,8.21,144000
2014-07-28,8.22,8.25,8.2,8.23,299000
2014-07-29,8.21,8.25,8.2,8.25,255000
2014-07-30,8.21,8.25,8.21,8.21,104000
2014-07-31,8.22,8.25,8.21,8.22,126000
2014-08-01,8.21,8.22,8.17,8.2,280000
2014-08-04,8.24,8.27,8.2,8.21,193000
2014-08-05,8.23,8.25,8.2,8.25,251000
2014-08-06,8.21,8.23,8.19,8.22,370000
2014-08-07,8.18,8.23,8.18,8.21,134000
2014-08-08,8.16,8.19,8.15,8.18,211000
2014-08-11,8.19,8.2,8.16,8.16,81000
2014-08-12,8.18,8.23,8.17,8.19,141000
2014-08-13,8.23,8.23,8.19,8.21,112000
2014-08-14,8.26,8.32,8.17,8.2,513000
2014-08-15,8.23,8.27,8.19,8.27,246000
2014-08-18,8.14,8.2,8.14,8.2,287000
2014-08-19,8.16,8.18,8.14,8.14,82000
2014-08-20,8.18,8.26,8.13,8.15,159000
2014-08-21,8.22,8.22,8.13,8.18,165000
2014-08-22,8.21,8.23,8.15,8.15,453000
2014-08-25,8.21,8.21,8.16,8.18,173000
2014-08-26,8.23,8.24,8.18,8.18,432000
2014-08-27,8.17,8.2,8.16,8.18,345000
2014-08-28,8.19,8.22,8.17,8.18,175000
2014-08-29,8.2,8.22,8.17,8.21,176000
2014-09-01,8.21,8.23,8.17,8.2,358000
2014-09-02,8.59,8.74,8.21,8.21,2087000
2014-09-03,8.61,8.89,8.61,8.64,2321000
2014-09-04,8.51,8.68,8.47,8.61,700000
2014-09-05,8.51,8.6,8.43,8.5,358000
2014-09-09,8.46,8.6,8.44,8.6,326000
2014-09-10,8.45,8.52,8.38,8.46,466000
2014-09-11,8.41,8.46,8.4,8.46,197000
2014-09-12,8.35,8.44,8.35,8.41,306000
2014-09-15,8.31,8.43,8.3,8.43,124000
2014-09-16,8.27,8.33,8.22,8.31,231000
2014-09-17,8.31,8.36,8.24,8.27,193000
2014-09-18,8.26,8.32,8.24,8.24,180000
2014-09-19,8.29,8.35,8.26,8.3,169000
2014-09-22,8.22,8.26,8.22,8.26,205000
2014-09-23,8.23,8.28,8.22,8.22,80000
2014-09-24,8.3,8.42,8.24,8.25,425000
2014-09-25,8.25,8.33,8.24,8.29,152000
2014-09-26,8.28,8.29,8.2,8.24,74000
2014-09-29,8.25,8.28,8.23,8.25,68000
2014-09-30,8.27,8.27,8.04,8.23,370000
2014-10-01,8.22,8.27,8.2,8.2,22000
2014-10-02,8.27,8.28,8.14,8.2,189000
2014-10-03,8.26,8.32,8.25,8.32,60000
2014-10-06,8.21,8.32,8.19,8.32,279000
2014-10-07,8.2,8.29,8.17,8.29,116000
2014-10-08,8.2,8.24,8.16,8.17,174000
2014-10-09,8.13,8.21,8.13,8.19,194000
2014-10-13,8.06,8.24,8.01,8.08,146000
2014-10-14,8.05,8.08,8.04,8.06,162000
2014-10-15,7.86,8.1,7.73,8.05,400000
2014-10-16,7.85,7.89,7.72,7.77,220000
2014-10-17,7.92,8.06,7.8,8,444000
2014-10-20,7.97,7.99,7.92,7.95,163000
2014-10-21,7.91,7.97,7.9,7.97,120000
2014-10-22,8,8.03,7.94,8,239000
2014-10-23,8,8.01,7.95,7.98,227000
2014-10-24,7.94,8,7.9,8,218000
2014-10-27,7.76,7.94,7.76,7.93,189000
2014-10-28,7.9,7.9,7.84,7.84,107000
2014-10-29,7.89,7.94,7.8,7.9,343000
2014-10-30,7.98,7.98,7.89,7.89,175000
2014-10-31,7.99,8.05,7.92,7.95,294000
2014-11-03,8,8.04,7.96,8,495000
2014-11-04,8.01,8.05,7.98,8,222000
2014-11-05,8.03,8.09,8,8.05,185000
2014-11-06,8,8.07,7.97,8.03,155000
2014-11-07,8.12,8.13,8,8,335000
2014-11-10,8.14,8.16,8.08,8.12,329000
2014-11-11,8.26,8.54,8.18,8.18,447000
2014-11-12,8.2,8.32,8.2,8.23,310000
2014-11-13,8.27,8.28,8.2,8.2,145000
2014-11-14,8.3,8.45,8.27,8.45,861000
2014-11-17,8.16,8.33,8.16,8.3,170000
2014-11-18,8.18,8.27,8.17,8.21,210000
2014-11-19,8.22,8.26,8.19,8.19,581000
2014-11-20,8.24,8.27,8.18,8.23,733000
2014-11-21,8.2,8.23,8.18,8.21,109000
2014-11-24,8.18,8.24,8.17,8.24,617000
2014-11-25,8.16,8.26,8.16,8.2,391000
2014-11-26,8.22,8.24,8.15,8.16,293000
2014-11-27,8.23,8.24,8.16,8.23,685000
2014-11-28,8.26,8.27,8.22,8.23,883000
2014-12-01,8.27,8.27,8.2,8.25,314000
2014-12-02,8.33,8.5,8.22,8.23,1222000
2014-12-03,8.38,8.44,8.36,8.4,690000
2014-12-04,8.34,8.4,8.28,8.4,549000
2014-12-05,8.4,8.4,8.31,8.31,275000
2014-12-08,8.42,8.45,8.37,8.4,515000
2014-12-09,8.8,8.8,8.4,8.42,1940000
2014-12-10,8.83,8.93,8.74,8.75,4414000
2014-12-11,8.73,8.87,8.71,8.83,1101000
2014-12-12,8.7,8.78,8.66,8.78,547000
2014-12-15,8.66,8.7,8.62,8.67,700000
2014-12-16,8.65,8.67,8.6,8.66,616000
2014-12-17,8.6,8.69,8.57,8.65,541000
2014-12-18,8.65,8.67,8.62,8.63,288000
2014-12-19,8.68,8.78,8.64,8.69,1121000
2014-12-22,8.68,8.75,8.68,8.68,302000
2014-12-23,8.66,8.7,8.65,8.66,277000
2014-12-24,8.66,8.7,8.65,8.67,528000
2014-12-25,8.8,8.84,8.66,8.66,1125000
2014-12-26,8.95,9,8.8,8.8,1964000
2014-12-29,8.94,8.96,8.86,8.86,229000
2014-12-30,8.9,8.99,8.84,8.99,393000
2014-12-31,8.86,8.95,8.83,8.95,382000
2015-01-05,8.78,8.9,8.75,8.9,535000
2015-01-06,8.85,8.85,8.71,8.75,501000
2015-01-07,8.8,8.85,8.8,8.8,246000
2015-01-08,8.88,8.93,8.85,8.89,367000
2015-01-09,8.96,8.99,8.9,8.95,799000
2015-01-12,8.87,8.95,8.87,8.94,575000
2015-01-13,8.89,8.96,8.85,8.88,282000
2015-01-14,8.78,8.9,8.78,8.89,551000
2015-01-15,8.75,8.8,8.7,8.78,432000
2015-01-16,8.76,9,8.74,9,368000
2015-01-19,8.64,8.8,8.51,8.8,624000
2015-01-20,8.64,8.68,8.6,8.6,228000
2015-01-21,8.55,8.68,8.48,8.68,459000
2015-01-22,8.62,8.63,8.5,8.5,196000
2015-01-23,8.65,8.65,8.57,8.63,228000
2015-01-26,8.63,8.69,8.61,8.61,486000
2015-01-27,8.61,8.65,8.53,8.65,540000
2015-01-28,8.56,8.6,8.53,8.6,99000
2015-01-29,8.58,8.61,8.54,8.56,97000
2015-01-30,8.6,8.64,8.58,8.58,99000
2015-02-02,8.53,8.61,8.5,8.61,383000
2015-02-03,8.52,8.54,8.5,8.53,372000
2015-02-04,8.55,8.58,8.53,8.53,115000
2015-02-05,8.53,8.58,8.52,8.55,79000
2015-02-06,8.53,8.55,8.53,8.55,71000
2015-02-09,8.54,8.56,8.5,8.5,127000
2015-02-10,8.56,8.58,8.53,8.53,62000
2015-02-11,8.61,8.61,8.52,8.52,313000
2015-02-12,8.61,8.61,8.59,8.61,296000
2015-02-13,8.68,8.7,8.6,8.6,384000
2015-02-24,8.75,8.77,8.68,8.68,311000
2015-02-25,8.74,8.76,8.68,8.75,284000
2015-02-26,8.75,8.77,8.7,8.7,198000
2015-03-02,8.71,8.76,8.71,8.74,113000
2015-03-03,8.71,8.76,8.7,8.7,139000
2015-03-04,8.73,8.75,8.71,8.72,158000
2015-03-05,8.72,8.76,8.72,8.73,238000
2015-03-06,8.74,8.74,8.71,8.73,125000
2015-03-09,8.73,8.75,8.71,8.72,327000
2015-03-10,8.73,8.75,8.7,8.73,178000
2015-03-11,8.7,8.72,8.69,8.71,206000
2015-03-12,8.71,8.73,8.68,8.68,198000
2015-03-13,8.72,8.72,8.69,8.71,220000
2015-03-16,8.75,9.04,8.71,9.04,155000
2015-03-17,8.74,8.78,8.74,8.75,73000
2015-03-18,8.75,8.75,8.72,8.74,136000
2015-03-19,8.77,8.83,8.75,8.76,586000
2015-03-20,8.89,8.97,8.83,8.83,701000
2015-03-23,8.9,8.94,8.9,8.94,137000
2015-03-24,8.9,8.94,8.89,8.9,251000
2015-03-25,8.9,8.97,8.88,8.92,457000
2015-03-26,8.66,8.84,8.59,8.84,782000
2015-03-27,8.58,8.66,8.5,8.66,465000
2015-03-30,8.51,8.59,8.51,8.58,162000
2015-03-31,8.3,8.51,8.29,8.51,1295000
2015-04-01,8.24,8.3,8.22,8.3,493000
2015-04-02,8.36,8.48,8.23,8.24,398000
2015-04-07,8.38,8.38,8.3,8.36,230000
2015-04-08,8.37,8.39,8.35,8.37,93000
2015-04-09,8.34,8.4,8.34,8.36,215000
2015-04-10,8.38,8.39,8.32,8.36,186000
2015-04-13,8.41,8.42,8.37,8.38,175000
2015-04-14,8.36,8.41,8.31,8.41,316000
2015-04-15,8.37,8.39,8.35,8.36,113000
2015-04-16,8.37,8.41,8.35,8.38,120000
2015-04-17,8.37,8.4,8.36,8.36,155000
2015-04-20,8.33,8.38,8.3,8.37,148000
2015-04-21,8.3,8.36,8.28,8.36,178000
2015-04-22,8.32,8.32,8.25,8.3,221000
2015-04-23,8.29,8.32,8.25,8.3,314000
2015-04-24,8.29,8.33,8.28,8.32,163000
2015-04-27,8.34,8.35,8.29,8.29,265000
2015-04-28,8.37,8.39,8.35,8.35,172000
2015-04-29,8.4,8.42,8.38,8.39,184000
2015-04-30,8.4,8.43,8.37,8.43,299000
2015-05-04,8.34,8.4,8.33,8.34,291000
2015-05-05,8.22,8.33,8.17,8.33,735000
2015-05-06,8.1,8.14,8,8.1,353000
2015-05-07,8.1,8.15,8.1,8.13,187000
2015-05-08,7.99,8.1,7.96,8.06,286000
2015-05-11,7.5,7.99,7.5,7.99,1156000
2015-05-12,7.5,7.54,7.35,7.54,573000
2015-05-13,7.65,7.75,7.46,7.5,315000
2015-05-14,7.5,7.69,7.5,7.69,228000
2015-05-15,7.72,7.73,7.48,7.5,489000
2015-05-18,7.93,8.1,7.8,7.8,666000
2015-05-19,7.91,8.02,7.89,7.92,839000
2015-05-20,7.88,7.91,7.83,7.91,286000
2015-05-21,7.88,7.9,7.84,7.9,278000
2015-05-22,7.86,7.92,7.83,7.88,327000
2015-05-25,7.82,7.86,7.76,7.86,168000
2015-05-26,7.8,7.82,7.76,7.76,43000
2015-05-27,7.78,7.81,7.73,7.78,211000
2015-05-28,7.86,7.86,7.77,7.78,125000
2015-05-29,7.94,7.96,7.84,7.84,362000
2015-06-01,7.96,7.96,7.89,7.94,68000
2015-06-02,7.98,7.99,7.86,7.86,111000
2015-06-03,7.92,7.98,7.9,7.92,150000
2015-06-04,7.78,7.87,7.77,7.87,331000
2015-06-05,7.67,7.78,7.62,7.77,268000
2015-06-08,7.7,7.77,7.69,7.7,195000
2015-06-09,7.89,7.89,7.51,7.68,644000
2015-06-10,7.96,7.96,7.77,7.9,632000
2015-06-11,7.89,8.25,7.86,7.86,2982000
2015-06-12,7.95,8.03,7.78,7.89,1452000
2015-06-15,7.7,7.8,7.61,7.8,1464000
2015-06-16,7.68,7.7,7.62,7.65,280000
2015-06-17,7.74,7.81,7.62,7.68,937000
2015-06-18,7.74,7.76,7.69,7.72,227000
2015-06-22,7.7,7.75,7.68,7.72,285000
2015-06-23,7.74,7.8,7.74,7.75,174000
2015-06-24,7.71,7.75,7.71,7.73,64000
2015-06-25,7.82,7.83,7.66,7.72,424000
2015-06-26,7.96,7.97,7.8,7.8,1507000
2015-06-29,7.76,7.91,7.75,7.91,298000
2015-06-30,7.78,7.82,7.73,7.76,120000
2015-07-01,7.8,7.8,7.75,7.76,228000
2015-07-02,7.78,7.82,7.75,7.82,91000
2015-07-03,7.74,7.78,7.7,7.78,148000
2015-07-06,7.74,7.75,7.7,7.7,119000
2015-07-07,7.69,7.75,7.69,7.71,69000
2015-07-08,7.58,7.67,7.53,7.66,433000
2015-07-09,7.47,7.53,7.4,7.5,209000
2015-07-13,7.53,7.54,7.47,7.47,121000
2015-07-14,7.54,7.6,7.5,7.5,225000
2015-07-15,7.52,7.54,7.5,7.54,301000
2015-07-16,7.45,7.6,7.45,7.6,302000
2015-07-17,7.47,7.53,7.46,7.53,128000
2015-07-20,7.42,7.52,7.42,7.49,253000
2015-07-21,7.39,7.45,7.34,7.44,244000
2015-07-22,7.39,7.42,7.34,7.34,170000
2015-07-23,7.33,7.42,7.32,7.4,109000
2015-07-24,7.31,7.38,7.3,7.33,151000
2015-07-27,7.06,7.3,7.06,7.28,331000
2015-07-28,7.08,7.1,7,7.04,239000
2015-07-29,7.14,7.14,7.05,7.08,63000
2015-07-30,7.16,7.18,7.1,7.15,140000
2015-07-31,7.16,7.16,7.08,7.16,98000
2015-08-03,7.14,7.16,7.08,7.13,116000
2015-08-04,7.05,7.12,7.05,7.1,65000
2015-08-05,7.06,7.11,7.02,7.05,140000
2015-08-06,7.08,7.13,7.05,7.1,47000
2015-08-07,7.12,7.12,7.02,7.02,40000
2015-08-10,7.1,7.14,7.06,7.06,62000
2015-08-11,7.1,7.13,7.08,7.1,63000
2015-08-12,7.1,7.1,7.07,7.1,62000
2015-08-13,7.09,7.09,7.07,7.08,110000
2015-08-14,7.09,7.11,7,7,115000
2015-08-17,7.07,7.1,7.07,7.09,76000
2015-08-18,7.05,7.08,7.03,7.07,143000
2015-08-19,6.97,7.07,6.97,7.06,292000
2015-08-20,7,7.03,6.95,6.95,180000
2015-08-21,6.9,6.98,6.9,6.98,220000
2015-08-24,6.21,6.9,6.21,6.9,1101000
2015-08-25,6.28,6.28,5.9,6.06,634000
2015-08-26,6.31,6.39,6.21,6.25,420000
2015-08-27,6.23,6.25,6.05,6.24,294000
2015-08-28,6.32,6.34,6.23,6.23,208000
2015-08-31,6.34,6.35,6.31,6.32,268000
2015-09-01,6.28,6.34,6.28,6.34,205000
2015-09-02,6.32,6.32,6.22,6.25,330000
2015-09-03,6.34,6.34,6.29,6.32,79000
2015-09-04,6.52,6.57,6.42,6.48,291000
2015-09-07,6.58,6.63,6.46,6.52,541000
2015-09-08,6.54,6.65,6.51,6.63,264000
2015-09-09,6.65,6.73,6.55,6.58,314000
2015-09-10,6.71,6.75,6.51,6.51,674000
2015-09-11,6.63,6.65,6.53,6.59,158000
2015-09-14,6.6,6.65,6.59,6.59,118000
2015-09-15,6.63,6.68,6.57,6.6,87000
2015-09-16,6.64,6.66,6.59,6.6,176000
2015-09-17,6.68,6.73,6.63,6.63,262000
2015-09-18,6.75,6.75,6.63,6.72,168000
2015-09-21,6.67,6.75,6.67,6.75,105000
2015-09-22,6.97,6.99,6.67,6.67,553000
2015-09-23,6.97,7.04,6.83,6.88,490000
2015-09-24,6.9,6.98,6.84,6.96,263000
2015-09-25,6.96,7.09,6.92,6.97,319000
2015-09-30,6.86,6.97,6.8,6.97,45000
2015-10-01,6.98,7.01,6.87,6.9,164000
2015-10-02,6.94,7.03,6.9,6.98,257000
2015-10-05,6.98,7,6.93,6.97,169000
2015-10-06,6.95,7.02,6.92,7,244000
2015-10-07,7,7.01,6.93,6.98,333000
2015-10-08,6.92,7.02,6.92,7.02,95000
2015-10-12,6.9,6.93,6.82,6.82,230000
2015-10-13,6.83,6.9,6.83,6.9,159000
2015-10-14,6.85,6.89,6.8,6.83,184000
2015-10-15,6.84,6.86,6.79,6.85,207000
2015-10-16,6.8,6.85,6.8,6.85,125000
2015-10-19,6.79,6.9,6.79,6.86,195000
2015-10-20,6.8,6.85,6.8,6.81,83000
2015-10-21,6.79,6.8,6.75,6.8,77000
2015-10-22,6.73,6.77,6.73,6.77,180000
2015-10-23,6.75,6.8,6.73,6.8,110000
2015-10-26,6.77,6.79,6.72,6.75,169000
2015-10-27,6.7,6.75,6.69,6.75,417000
2015-10-28,6.68,6.71,6.65,6.7,49000
2015-10-29,6.68,6.69,6.63,6.68,32000
2015-10-30,6.6,6.7,6.59,6.63,96000
2015-11-02,6.7,6.7,6.62,6.62,19000
2015-11-03,6.7,6.76,6.7,6.75,55000
2015-11-04,6.73,6.8,6.73,6.76,134000
2015-11-05,6.79,6.8,6.73,6.73,76000
2015-11-06,6.73,6.78,6.73,6.73,65000
2015-11-09,6.74,6.74,6.7,6.73,51000
2015-11-10,6.73,6.79,6.73,6.74,115000
2015-11-11,6.78,6.83,6.73,6.8,55000
2015-11-12,6.72,6.75,6.72,6.75,28000
2015-11-13,6.7,6.75,6.7,6.75,58000
2015-11-16,6.47,6.54,6.36,6.36,194000
2015-11-17,6.58,6.58,6.5,6.58,117000
2015-11-18,6.48,6.6,6.47,6.58,55000
2015-11-19,6.55,6.55,6.48,6.5,111000
2015-11-20,6.53,6.58,6.52,6.58,10000
2015-11-23,6.54,6.58,6.49,6.58,225000
2015-11-24,6.48,6.51,6.47,6.51,68000
2015-11-25,6.46,6.5,6.43,6.5,63000
2015-11-26,6.49,6.49,6.38,6.49,27000
2015-11-27,6.52,6.55,6.46,6.55,11000
2015-11-30,6.41,6.55,6.4,6.55,110000
2015-12-01,6.52,6.52,6.41,6.41,119000
2015-12-02,6.5,6.5,6.44,6.5,135000
2015-12-03,6.59,6.64,6.51,6.51,202000
2015-12-04,6.2,6.58,6.01,6.58,2936000
2015-12-07,6.24,6.29,6.23,6.26,314000
2015-12-08,6.18,6.24,6.18,6.24,108000
2015-12-09,6.16,6.21,6.15,6.18,754000
2015-12-10,6.22,6.25,6.15,6.15,1919000
2015-12-11,6.25,6.3,6.16,6.22,1790000
2015-12-14,6.26,6.28,6.16,6.2,699000
2015-12-15,6.45,6.46,6.25,6.26,762000
2015-12-16,6.6,6.6,6.42,6.42,207000
2015-12-17,6.51,6.6,6.51,6.59,165000
2015-12-18,6.54,6.57,6.49,6.51,60000
2015-12-21,6.56,6.63,6.5,6.5,82000
2015-12-22,6.52,6.6,6.52,6.55,150000
2015-12-23,6.55,6.59,6.53,6.55,227000
2015-12-24,6.57,6.63,6.55,6.56,289000
2015-12-25,6.68,6.69,6.56,6.56,311000
2015-12-28,6.6,6.65,6.6,6.62,60193000
2015-12-29,6.6,6.68,6.56,6.6,80000
2015-12-30,6.68,6.77,6.65,6.69,290000
2015-12-31,6.69,6.74,6.66,6.69,37000
2016-01-04,6.57,6.71,6.57,6.67,461000
2016-01-05,6.53,6.56,6.46,6.5,55000
2016-01-06,6.4,6.53,6.4,6.5,62000
2016-01-07,6.38,6.45,6.2,6.45,217000
2016-01-08,6.38,6.38,6.29,6.3,33000
2016-01-11,6.2,6.3,6.19,6.3,71000
2016-01-12,6.2,6.25,6.18,6.2,51000
2016-01-13,6.2,6.24,6.13,6.2,171000
2016-01-14,6.16,6.19,6,6.19,91000
2016-01-15,6.16,6.23,6.1,6.16,159000
2016-01-18,6.19,6.19,6.1,6.1,58000
2016-01-19,6.19,6.23,6.18,6.18,110000
2016-01-20,6.16,6.2,6.1,6.19,91000
2016-01-21,6.09,6.23,5.95,6.23,196000
2016-01-22,6.03,6.11,5.99,6.11,242000
2016-01-25,6.1,6.14,6.05,6.08,121000
2016-01-26,6.17,6.17,6.1,6.1,72000
2016-01-27,6.19,6.22,6.15,6.15,645000
2016-01-28,6.2,6.22,6.17,6.19,89000
2016-01-29,6.2,6.22,6.18,6.2,142000
2016-02-01,6.34,6.38,6.33,6.33,0
2016-02-02,6.37,6.42,6.28,6.28,252000
2016-02-03,6.34,6.36,6.12,6.35,141000
2016-02-15,6.36,6.37,6.25,6.25,150000
2016-02-16,6.38,6.38,6.3,6.36,316000
2016-02-17,6.38,6.45,6.34,6.34,444000
2016-02-18,6.42,6.44,6.38,6.38,554000
2016-02-19,6.37,6.42,6.26,6.4,177000
2016-02-22,6.36,6.42,6.31,6.4,385000
2016-02-23,6.44,6.47,6.36,6.4,997000
2016-02-24,6.41,6.48,6.36,6.39,1377000
2016-02-25,6.33,6.47,6.33,6.45,1058000
2016-02-26,6.35,6.37,6.33,6.36,452000
2016-03-01,6.37,6.44,6.34,6.36,1120000
2016-03-02,6.48,6.58,6.4,6.4,1661000
2016-03-03,6.59,6.63,6.5,6.51,1416000
2016-03-04,6.65,6.73,6.61,6.68,903000
2016-03-07,6.64,6.8,6.63,6.8,515000
2016-03-08,6.65,6.69,6.6,6.64,607000
2016-03-09,6.58,6.62,6.55,6.62,220000
2016-03-10,6.6,6.69,6.59,6.62,382000
2016-03-11,6.57,6.6,6.55,6.58,204000
2016-03-14,6.57,6.62,6.55,6.6,437000
2016-03-15,6.46,6.6,6.45,6.55,672000
2016-03-16,6.53,6.53,6.47,6.47,137000
2016-03-17,6.49,6.56,6.49,6.52,163000
2016-03-18,6.5,6.54,6.46,6.46,351000
2016-03-21,6.57,6.61,6.5,6.54,812000
2016-03-22,6.6,6.62,6.57,6.58,1116000
2016-03-23,6.7,6.77,6.57,6.6,1187000
2016-03-24,6.67,6.71,6.64,6.71,872000
2016-03-25,6.8,6.9,6.69,6.7,1829000
2016-03-28,6.83,6.88,6.82,6.83,1299000
2016-03-29,6.83,6.89,6.83,6.83,2148000
2016-03-30,6.84,6.89,6.84,6.88,724000
2016-03-31,6.86,6.93,6.85,6.85,1825000
2016-04-01,6.83,6.88,6.77,6.83,627000
2016-04-06,6.71,6.81,6.7,6.8,1326000
2016-04-07,6.66,6.71,6.65,6.71,103000
2016-04-08,6.68,6.68,6.65,6.66,87000
2016-04-11,6.66,6.7,6.62,6.68,107000
2016-04-12,6.66,6.66,6.62,6.63,28000
2016-04-13,6.69,6.7,6.6,6.66,181000
2016-04-14,6.68,6.75,6.64,6.65,471000
2016-04-15,6.68,6.68,6.65,6.66,305000
2016-04-18,6.65,6.66,6.61,6.66,74000
2016-04-19,6.59,6.65,6.58,6.63,128000
2016-04-20,6.48,6.58,6.48,6.56,218000
2016-04-21,6.48,6.54,6.48,6.51,67000
2016-04-22,6.48,6.51,6.43,6.5,173000
2016-04-25,6.43,6.47,6.42,6.47,88000
2016-04-26,6.47,6.48,6.43,6.43,86000
2016-04-27,6.45,6.53,6.45,6.53,50000
2016-04-28,6.43,6.46,6.39,6.45,125000
2016-04-29,6.33,6.4,6.33,6.4,109000
2016-05-03,6.32,6.39,6.32,6.39,130000
2016-05-04,6.3,6.32,6.28,6.32,85000
2016-05-05,6.2,6.3,6.16,6.3,277000
2016-05-06,6.18,6.2,6.15,6.2,79000
2016-05-09,6.17,6.22,6.16,6.22,136000
2016-05-10,6.17,6.2,6.14,6.18,274000
2016-05-11,6.13,6.19,6.12,6.18,121000
2016-05-12,6.1,6.14,6.08,6.13,94000
2016-05-13,6.12,6.16,6.09,6.15,111000
2016-05-16,6.13,6.19,6.12,6.17,27000
2016-05-17,6.15,6.2,6.11,6.17,107000
2016-05-18,6.16,6.24,6.1,6.1,86000
2016-05-19,6.16,6.16,6.12,6.13,104000
2016-05-20,6.19,6.24,6.16,6.16,58000
2016-05-23,6.29,6.3,6.16,6.16,131000
2016-05-24,6.22,6.29,6.21,6.22,276000
2016-05-25,6.22,6.27,6.19,6.23,189000
2016-05-26,6.24,6.27,6.21,6.23,54000
2016-05-27,6.26,6.26,6.21,6.24,56000
2016-05-30,6.28,6.3,6.25,6.25,73000
2016-05-31,6.28,6.28,6.23,6.28,11000
2016-06-01,6.32,6.33,6.26,6.28,36000
2016-06-02,6.31,6.39,6.3,6.33,142000
2016-06-03,6.29,6.35,6.27,6.34,40000
2016-06-06,6.23,6.27,6.23,6.25,45000
2016-06-07,6.26,6.28,6.23,6.23,73000
2016-06-08,6.23,6.3,6.23,6.26,89000
2016-06-13,6.23,6.25,6.12,6.2,265000
2016-06-14,6.21,6.24,6.19,6.19,369000
2016-06-15,6.21,6.24,6.16,6.19,254000
2016-06-16,6.21,6.21,6.18,6.21,11000
2016-06-17,6.2,6.22,6.18,6.21,29000
2016-06-20,6.33,6.33,6.2,6.2,659000
2016-06-21,6.26,6.33,6.26,6.3,117000
2016-06-22,6.31,6.47,6.22,6.26,404000
2016-06-23,6.31,6.33,6.3,6.3,25000
2016-06-24,6.29,6.34,6.24,6.33,74000
2016-06-27,6.31,6.31,6.25,6.25,247000
2016-06-28,6.32,6.34,6.24,6.26,46000
2016-06-29,6.31,6.35,6.26,6.26,99000
2016-06-30,6.31,6.35,6.31,6.35,180000
2016-07-01,6.39,6.5,6.35,6.42,325000
2016-07-04,6.43,6.48,6.39,6.39,384000
2016-07-05,6.42,6.43,6.42,6.43,30000
2016-07-06,6.39,6.45,6.38,6.45,162000
2016-07-07,6.4,6.4,6.36,6.4,50000
2016-07-11,6.43,6.45,6.39,6.4,226000
2016-07-12,6.44,6.46,6.42,6.43,213000
2016-07-13,6.46,6.5,6.42,6.45,155000
2016-07-14,6.46,6.49,6.44,6.45,142000
2016-07-15,6.5,6.53,6.47,6.49,258000
2016-07-18,6.61,6.62,6.51,6.51,227000
2016-07-19,6.57,6.64,6.55,6.64,195000
2016-07-20,6.58,6.6,6.56,6.58,149000
2016-07-21,6.72,6.72,6.58,6.58,300000
2016-07-22,6.66,6.73,6.65,6.72,177000
2016-07-25,6.68,6.69,6.6,6.67,264000
2016-07-26,6.64,6.67,6.6,6.64,126000
2016-07-27,6.62,6.66,6.6,6.66,163000
2016-07-28,6.65,6.66,6.6,6.62,161000
2016-07-29,6.66,6.68,6.63,6.65,329000
2016-08-01,6.69,6.69,6.64,6.64,663000
2016-08-02,6.36,6.39,6.35,6.37,115000
2016-08-03,6.36,6.4,6.36,6.36,66000
2016-08-04,6.36,6.41,6.36,6.36,47000
2016-08-05,6.42,6.42,6.38,6.39,42000
2016-08-08,6.41,6.42,6.36,6.42,156000
2016-08-09,6.38,6.42,6.38,6.4,39000
2016-08-10,6.43,6.43,6.38,6.39,70000
2016-08-11,6.47,6.47,6.39,6.41,365000
2016-08-12,6.53,6.53,6.44,6.48,209000
2016-08-15,6.42,6.53,6.42,6.47,99000
2016-08-16,6.39,6.43,6.37,6.4,90000
2016-08-17,6.41,6.41,6.38,6.4,98000
2016-08-18,6.38,6.41,6.38,6.41,101000
